mot_commun,ld,nom,homonymes
ACACIAS, ,RUE DES ACACIAS (44035_0005),AV DES ACACIAS (44109_0028)
ALIZES, ,RUE DES ALIZES (44035_0030),ALL DES ALIZES (44109_0151)
ALOUETTE, ,PL DES ALOUETTES (44035_0045),RUE DES ALOUETTES (44109_0184) + AV DES ALOUETTES (44109_0176)
AMPERE, ,RUE AMPERE (44035_0050),RUE AMPERE (44109_0244)
ARAGO, ,RUE ARAGO (44035_0068),IMP ARAGO (44109_0345) + RUE ARAGO (44109_0344)
AUBEPINE, ,ALL DES AUBEPINES (44035_0070),IMP DES AUBEPINES (44109_0427)
AUTOROUT, ,AUTOROUTE 11 (44035_4576),RTE AUTOROUTE 11 (44109_X025)
BEAUJOIR, ,PONT DE LA BEAUJOIRE (44035_X002),CHE DE LA BEAUJOIRE (44109_0644) + BD DE LA BEAUJOIRE (44109_0643)
BECQUERE, ,BD HENRI BECQUEREL (44035_3750),RUE HENRI BECQUEREL (44109_4105)
BERLIOZ, ,RUE HECTOR BERLIOZ (44035_3740),RUE HECTOR BERLIOZ (44109_4094)
BLANCHET, ,RUE DE LA BLANCHETIERE (44035_0659),RUE DE LA BLANCHETIERE (44109_0864)
BLEUETS, ,CHE DES BLEUETS (44035_0665),AV DES BLEUETS (44109_0892)
BOIS, ,ALL DU BOIS (44035_0730),RUE DU BOIS (44109_0929)
BOSQUETS, ,CHE DES BOSQUETS (44035_0895),RUE DES BOSQUETS (44109_1052)
BOUFFAY, ,CHE DU BOUFFAY (44035_0926),RUE DU BOUFFAY (44109_1093) + PL DU BOUFFAY (44109_1092)
BOUFFAY, ,AV DU BOUFFAY (44035_0925),RUE DU BOUFFAY (44109_1093) + PL DU BOUFFAY (44109_1092)
BOULEAUX, ,SQ DES BOULEAUX (44035_1005),AV DES BOULEAUX (44109_1117)
BRETAGNE, ,RUE DE BRETAGNE (44035_0052),PL DE BRETAGNE (44109_1216)
CAMELIAS, ,RUE DES CAMELIAS (44035_1325),RUE DES CAMELIAS (44109_1374)
CASSIN, ,PL RENE CASSIN (44035_4584),BD RENE CASSIN (44109_7226)
CHATAIGN, ,RUE DES CHATAIGNIERS (44035_1685),RUE DES CHATAIGNIERS (44109_1778)
CHATAIGN, ,CHE DE LA CHATAIGNERAIE (44035_1661),AV DE LA CHATAIGNERAIE (44109_1772)
CHENAIE, ,LOT LA CHENAIE (44035_A001),LA CHENAIE (44109_B042)
CHEVAL, ,RUE DU FER A CHEVAL (44035_2627),RUE DU FER A CHEVAL (44109_3100)
CHEVREFE, ,RUE DES CHEVREFEUILLES (44035_1859),AV DES CHEVREFEUILLES (44109_1886)
COQUELIC, ,ALL DES COQUELICOTS (44035_2210),AV DES COQUELICOTS (44109_2149)
COUTANCI, ,ALL DE LA COUTANCIERE (44035_2310),RUE DE LA COUTANCIERE (44109_2289)
CRESSONN, ,ALL DE LA CRESSONNIERE (44035_2347),AV DE LA CRESSONNIERE (44109_2299)
CROIX, ,RUE DE LA CROIX (44035_2359),RUE DE LA CROIX (44109_2316)
CUPRESSU, ,IMP DES CUPRESSUS (44035_2402),RUE DES CUPRESSUS (44109_2346)
DELACROI, ,RUE EUGENE DELACROIX (44035_2576),RUE EUGENE DELACROIX (44109_2956)
DESCARTE, ,RUE DESCARTES (44035_2440),RUE DESCARTES (44109_2420)
DUFY, ,RUE RAOUL DUFY (44035_4406),RUE RAOUL DUFY (44109_7136)
EGLANTIE, ,RUE DES EGLANTIERS (44035_2534),AV DES EGLANTIERS (44109_2740)
ERABLES, ,RUE DES ERABLES (44035_3331),PL DES ERABLES (44109_2861)
EUROPE, ,RUE DE L EUROPE (44035_2590),RUE DE L EUROPE (44109_2987) + BD DE L EUROPE (44109_2986)
EXUPERY, ,RUE ANTOINE DE ST EXUPERY (44035_0061),RUE ANTOINE DE ST EXUPERY (44109_0320)
FAUVETTE, ,ALL DES FAUVETTES (44035_2625),VEN DES FAUVETTES (44109_3039)
FER, ,RUE LANOUE BRAS DE FER (44035_3980),RUE LANOUE BRAS DE FER (44109_4796)
FILEE, ,ALL DE LA FILEE (44035_4570),RUE DE LA FILEE (44109_3135)
FLEMING, ,BD ALEXANDER FLEMING (44035_0012),BD ALEXANDER FLEMING (44109_0086)
FOGG, ,RUE PHILEAS FOGG (44035_4588),RUE PHILEAS FOGG (44109_6550)
FONTAINE, ,CHE DE LA FONTAINE (44035_2635),CHE DE LA FONTAINE (44109_3188)
FOUGERES, ,ALL DES FOUGERES (44035_2784),RUE DES FOUGERES (44109_3244)
FRANCK, ,RUE CESAR FRANCK (44035_1400),RUE CESAR FRANCK (44109_1552) + IMP CESAR FRANCK (44109_1550)
FRESNEL, ,RUE AUGUSTIN FRESNEL (44035_0073),RUE AUGUSTIN FRESNEL (44109_0459)
FRICHES, ,CHEM DES FRICHES (44035_2799),RUE DES FRICHES (44109_3382)
GAUGUIN, ,RUE PAUL GAUGUIN (44035_4852),RUE PAUL GAUGUIN (44109_6236)
GENETS, ,ALL DES GENETS (44035_3010),RUE DES GENETS (44109_3632)
GOUGES, ,AV OLYMPE DE GOUGES (44035_4273),RUE OLYMPE DE GOUGES (44109_6027)
GOUNOD, ,RUE CHARLES GOUNOD (44035_1600),RUE CHARLES GOUNOD (44109_1704)
GUYNEMER, ,RUE GEORGES GUYNEMER (44035_3021),RUE GEORGES GUYNEMER (44109_3672)
HAUTIERE, ,RUE DE LA HAUTIERE (44035_3686),RUE DE LA HAUTIERE (44109_4068)
HAUTIERE, ,LOT DE LA HAUTIERE (44035_A017),RUE DE LA HAUTIERE (44109_4068)
HAUTIERE, ,CHE DE LA HAUTIERE (44035_3685),RUE DE LA HAUTIERE (44109_4068)
HIRONDEL, ,ALL DES HIRONDELLES (44035_3830),VEN DES HIRONDELLES (44109_4205)
IFS, ,RUE DES IFS (44035_3890),AV DES IFS (44109_4265)
IRIS, ,RUE DES IRIS (44035_3905),AV DES IRIS (44109_4353)
JAURES, ,RUE JEAN JAURES (44035_3915),RUE JEAN JAURES (44109_4476)
JEAN, ,RUE JEAN V (44035_3918),PL JEAN V (44109_4441)
JEAN, ,RUE JEAN XXIII (44035_3920),BD JEAN XXIII (44109_4498)
JONELIER, ,RTE DE LA JONELIERE (44035_3941),RTE DE LA JONELIERE (44109_4552) + CHE DE LA JONELIERE (44109_4544) + QUAI DE LA JONELIERE (44109_4543)
JONQUILL, ,ALL DES JONQUILLES (44035_3945),AV DES JONQUILLES (44109_4556)
KING, ,RUE MARTIN LUTHER KING (44035_4133),BD MARTIN LUTHER KING (44109_5430)
LANDAIS, ,RUE PIERRE LANDAIS (44035_4426),RUE PIERRE LANDAIS (44109_6608)
LANDES, ,ALL DES LANDES (44035_3959),RUE DES LANDES (44109_4771)
LAVANDES, ,ALL DES LAVANDES (44035_4010),ALL DES LAVANDES (44109_4830)
LAVOIR, ,RUE DU LAVOIR (44035_4012),AV DU LAVOIR (44109_4832)
LORRAINE, ,RUE DE LORRAINE (44035_4031),RUE DE LORRAINE (44109_5043) + IMP DE LORRAINE (44109_5042)
MAGNOLIA, ,RUE DES MAGNOLIAS (44035_4042),AV DES MAGNOLIAS (44109_5205)
MERIMEE, ,RUE PROSPER MERIMEE (44035_4193),RUE PROSPER MERIMEE (44109_7028)
MERMOZ, ,RUE JEAN MERMOZ (44035_3916),AV JEAN MERMOZ (44109_4497)
MICHEL, ,RUE LOUISE MICHEL (44035_4034),RUE LOUISE MICHEL (44109_5086)
MOISSONS, ,ALL DES MOISSONS (44035_4210),RUE DES MOISSONS (44109_5697)
MONET, ,RUE CLAUDE MONET (44035_1905),RUE CLAUDE MONET (44109_1946)
MOZART, ,AV MOZART (44035_4220),AV MOZART (44109_5876)
MUSSET, ,RUE ALFRED DE MUSSET (44035_0013),RUE ALFRED DE MUSSET (44109_0128)
NAUTILUS, ,RUE DU NAUTILUS (44035_4245),ALL DU NAUTILUS (44109_5910)
NEUF, ,RUE DU MOULIN NEUF (44035_4216),RUE DU MOULIN NEUF (44109_5856)
NEWTON, ,RUE NEWTON (44035_4250),PL NEWTON (44109_5913)
NOISETIE, ,RUE DES NOISETIERS (44035_4263),IMP DES NOISETIERS (44109_5957)
NOISETIE, ,SQ DES NOISETIERS (44035_4264),IMP DES NOISETIERS (44109_5957)
OISEAUX, ,RUE DES OISEAUX (44035_4283),AV DES OISEAUX (44109_6010)
PERRIERE, ,AV DES PERRIERES (44035_4587),RUE DES PERRIERES (44109_6364)
PICASSO, ,RUE PABLO PICASSO (44035_4276),MAIL PABLO PICASSO (44109_6099)
PINSONS, ,RUE DES PINSONS (44035_4309),ALL DES PINSONS (44109_6651)
PORT, ,CHE DU PORT (44035_4314),CHE DU PORT (44109_6792)
POUSSIN, ,RUE NICOLAS POUSSIN (44035_4253),RUE NICOLAS POUSSIN (44109_5924)
PRESSOIR, ,RUE DU PRESSOIR (44035_4365),RUE DU PRESSOIR (44109_6969)
PRINTEMP, ,CHE DU PRINTEMPS (44035_4366),AV DU PRINTEMPS (44109_7008)
RABINE, ,CHE DE LA RABINE (44035_4405),RTE DE LA RABINE (44109_7092)
RAVEL, ,RUE MAURICE RAVEL (44035_4192),RUE MAURICE RAVEL (44109_5516)
REPUBLIQ, ,PL DE LA REPUBLIQUE (44035_4410),PL DE LA REPUBLIQUE (44109_7276) + CRS DE LA REPUBLIQUE (44109_7272)
RIVIERE, ,RUE DE LA RIVIERE (44035_4411),RUE DE LA RIVIERE (44109_7342)
ROCHETTE, ,RUE DES ROCHETTES (44035_4425),RUE DES ROCHETTES (44109_7416) + CHE DES ROCHETTES (44109_7415)
ROITELET, ,RUE DES ROITELETS (44035_4428),ALL DES ROITELETS (44109_7433)
RUISSEAU, ,ALL DU RUISSEAU (44035_4449),AV DU RUISSEAU (44109_7512)
SAINTONG, ,RUE DE SAINTONGE (44035_4454),RUE DE SAINTONGE (44109_7708)
SAND, ,IMP GEORGE SAND (44035_3023),RUE GEORGE SAND (44109_3652)
SAND, ,RUE GEORGE SAND (44035_3022),RUE GEORGE SAND (44109_3652)
SAULES, ,ALL DES SAULES (44035_4450),AV DES SAULES (44109_7834)
SEMAILLE, ,ALL DES SEMAILLES (44035_4472),AV DES SEMAILLES (44109_7870)
SOURCE, ,RUE DE LA SOURCE (44035_4485),IMP DE LA SOURCE (44109_7952)
STROGOFF, ,RUE MICHEL STROGOFF (44035_4586),RUE MICHEL STROGOFF (44109_5646)
TILLEULS, ,RUE DES TILLEULS (44035_4510),RUE DES TILLEULS (44109_8110)
TRIOLET, ,IMP ELSA TRIOLET (44035_2532),ALL ELSA TRIOLET (44109_2750)
TYROL, ,RUE DU TYROL (44035_4524),AV DU TYROL (44109_8265)
VERNE, ,RUE JULES VERNE (44035_3950),BD JULES VERNE (44109_4664)
VERT, ,IMP DU CHENE VERT (44035_4583),RUE DU CHENE VERT (44109_1837)
VERT, ,AV DU CHENE VERT (44035_1855),RUE DU CHENE VERT (44109_1837)
VERT, ,RUE DU PATIS VERT (44035_4293),RUE DU PATIS VERT (44109_6183)
VERT, ,RUE DU RAYON VERT (44035_0004),AV DU RAYON VERT (44109_7154)
VIGNY, ,RUE ALFRED DE VIGNY (44035_0015),RUE ALFRED DE VIGNY (44109_0132)
VIOLETTE, ,ALL DES VIOLETTES (44035_4545),CHE DES VIOLETTES (44109_8550)
VIVIER, ,RUE DU VIVIER (44035_4555),IMP DU VIVIER (44109_8560)
VOLTAIRE, ,ALL VOLTAIRE (44035_4526),RUE VOLTAIRE (44109_8568)
YOURCENA, ,RUE MARGUERITE YOURCENAR (44035_4127),RUE MARGUERITE YOURCENAR (44109_5388)
AIR,0,BEL AIR (44035_B277),BEL AIR (44109_B013)
BROSSE,0,LA BROSSE (44035_B314),LA BROSSE (44109_B030)
ILE,0,BELLE ILE (44035_B278),BELLE ILE (44109_B016)
RIVIERE,0,LA RIVIERE (44035_B213),LA RIVIERE (44109_B165)
ROCHETTE,0,LES ROCHETTES (44035_B214),LES ROCHETTES (44109_B169)
TERTRE,0,LE TERTRE (44035_B235),LE TERTRE (44109_B213)
