mot_commun,ld,nom,homonymes
BRETON, ,RUE DU MARAIS BRETON (44021_0335),RUE DU MARAIS BRETON (44106_0310)
COUR, ,RUE DE LA COUR (44021_0114),CHE DE LA COUR (44106_0149)
ETANG, ,CHE DE L ETANG (44021_0166),CHE DE L ETANG (44106_0220)
ETANGS, ,RUE DES ETANGS (44021_0168),CHE DES ETANGS (44106_0221)
GARE, ,AV DE LA GARE (44021_0200),RUE DE LA GARE (44106_0247)
GARE, ,IMP DE LA GARE (44021_0201),RUE DE LA GARE (44106_0247)
GARE, ,PL DE LA GARE (44021_0202),RUE DE LA GARE (44106_0247)
SOLEIL, ,RUE BEAU SOLEIL (44021_0060),BEAU SOLEIL (44106_B009)
BELLEVUE,0,BELLEVUE (44021_B073),BELLEVUE (44106_B011)
CROIX,0,LA CROIX (44021_B537),LA CROIX (44106_B124)
LONG,0,LE PRE LONG (44021_C917),LE PRE LONG (44106_B462)
MARAIS,0,LE GRAND MARAIS (44021_B730),LE GRAND MARAIS (44106_B168)
PRES,0,LES GRANDS PRES (44021_B834),LES GRANDS PRES (44106_B189)
SALINEAU,0,LE SALINEAU (44021_D125),LE SALINEAU (44106_B494)
SOLEIL,0,BEAU SOLEIL (44021_B063),BEAU SOLEIL (44106_B009)
THERESE,0,SAINTE THERESE (44021_D111),RUE SAINTE THERESE (44106_0420)
