mot_commun,ld,nom,homonymes
AIGRETTE, ,ALL DES AIGRETTES (44055_0040),ALL DES AIGRETTES (44184_0048)
AJONCS, ,AV DES AJONCS (44055_0050),RUE DES AJONCS (44184_0052)
ALBATROS, ,AV DES ALBATROS (44055_0060),ALL DES ALBATROS (44184_0054)
ALBERT, ,AV ALBERT 1ER (44055_0071),BD ALBERT 1ER (44184_0070)
ALCYONS, ,AV DES ALCYONS (44055_0080),ALL DES ALCYONS (44184_0095)
ALCYONS, ,IMP DES ALCYONS (44055_0081),ALL DES ALCYONS (44184_0095)
ALOUETTE, ,ALL DES ALOUETTES (44055_0171),ALL DES ALOUETTES (44184_0128)
AMANDIER, ,AV DES AMANDIERS (44055_0175),RPT DES AMANDIERS (44184_0146) + RUE DES AMANDIERS (44184_0145)
ANEMONES, ,CHE DES ANEMONES (44055_0224),ALL DES ANEMONES (44184_0213)
ANEMONES, ,AV DES ANEMONES (44055_0225),ALL DES ANEMONES (44184_0213)
ANJOU, ,AV D ANJOU (44055_0250),RUE D ANJOU (44184_0220) + IMP D ANJOU (44184_0215)
ARC, ,AV JEANNE D ARC (44055_1850),RUE JEANNE D ARC (44184_3410) + IMP JEANNE D ARC (44184_3409)
BALZAC, ,AV HONORE DE BALZAC (44055_1700),RUE HONORE DE BALZAC (44184_2940)
BASTIE, ,AV MARYSE BASTIE (44055_0362),RUE MARYSE BASTIE (44184_4080)
BERNHARD, ,AV SARAH BERNHARDT (44055_3380),ALL SARAH BERNHARDT (44184_5531)
BISQUINE, ,ALL DE LA BISQUINE (44055_0473),ALL DE LA BISQUINE (44184_0642)
BIZET, ,AV GEORGES BIZET (44055_1420),RUE GEORGES BIZET (44184_2490)
BLERIOT, ,PL LOUIS BLERIOT (44055_2167),RUE LOUIS BLERIOT (44184_3860)
BLEUETS, ,AV DES BLEUETS (44055_0480),ALL DES BLEUETS (44184_0647)
BOUCHER, ,AV HELENE BOUCHER (44055_1631),RUE HELENE BOUCHER (44184_2810)
BOULEAUX, ,AV DES BOULEAUX (44055_0560),RUE DES BOULEAUX (44184_0687)
CADOU, ,AV RENE GUY CADOU (44055_3150),RUE RENE GUY CADOU (44184_5310)
CAMELIAS, ,AV DES CAMELIAS (44055_0650),ALL DES CAMELIAS (44184_0807)
CARRIERE, ,ALL DE LA CARRIERE (44055_0709),ALL DE LA CARRIERE (44184_0866)
CEDRES, ,ALL DES CEDRES (44055_0730),RUE DES CEDRES (44184_0895)
CHAMPS, ,CHE DES GRANDS CHAMPS (44055_1545),RTE DES GRANDS CHAMPS (44184_2635)
CHAPELLE, ,ALL DE LA CHAPELLE (44055_0770),IMP DE LA CHAPELLE (44184_0910)
CHARDONN, ,SQ DES CHARDONNERETS (44055_0774),RUE DES CHARDONNERETS (44184_0980)
CHATEAU, ,RTE DU CHATEAU (44055_0778),ALL DU CHATEAU (44184_1084)
CHENES, ,CHE DES CHENES (44055_0795),AV DES CHENES (44184_1105)
CHEVREFE, ,AV DES CHEVREFEUILLES (44055_0810),ALL DES CHEVREFEUILLES (44184_1122)
CLEMENCE, ,AV GEORGES CLEMENCEAU (44055_1440),RUE GEORGES CLEMENCEAU (44184_2500)
COQUELIC, ,AV DES COQUELICOTS (44055_0900),ALL DES COQUELICOTS (44184_1290)
CORMORAN, ,AV DES CORMORANS (44055_0920),RUE DES CORMORANS (44184_1310)
COURBET, ,AV AMIRAL COURBET (44055_0210),RUE AMIRAL COURBET (44184_0160)
COURLIS, ,ALL DES COURLIS (44055_0950),ALL DES COURLIS (44184_1345)
CROCUS, ,ALL DES CROCUS (44055_0953),ALL DES CROCUS (44184_1388)
DEBUSSY, ,AV CLAUDE DEBUSSY (44055_0840),RUE CLAUDE DEBUSSY (44184_1160)
DRYADES, ,AV DES DRYADES (44055_1090),AV DES DRYADES (44184_1654)
DRYADES, ,PL DES DRYADES (44055_1100),AV DES DRYADES (44184_1654)
DUMAS, ,AV ALEXANDRE DUMAS (44055_0090),RUE ALEXANDRE DUMAS (44184_0100)
EAUX, ,RTE DE SAINT ANDRE DES EAUX (44055_3275),RTE DE SAINT ANDRE DES EAUX (44184_5462)
EIDERS, ,AV DES EIDERS (44055_1170),ALL DES EIDERS (44184_1755)
ERABLES, ,AV DES ERABLES (44055_1200),RUE DES ERABLES (44184_1800)
ETANG, ,IMP DE L ETANG (44055_1211),RTE DE L ETANG (44184_1832)
ETANG, ,AV DE L ETANG (44055_1210),RTE DE L ETANG (44184_1832)
FEVES, ,RTE DE LA VILLE AUX FEVES (44055_3755),RUE DE LA VILLE AUX FEVES (44184_5910)
FONTAINE, ,AV JEAN DE LA FONTAINE (44055_1995),RUE JEAN DE LA FONTAINE (44184_3310)
FOUR, ,AV DU FOUR (44055_1311),RUE DU FOUR (44184_2120)
FREGATES, ,ALL DES FREGATES (44055_1330),AV DES FREGATES (44184_2310) + QUAI DES FREGATES (44184_2309)
FRENES, ,ALL DES FRENES (44055_1340),RPT DES FRENES (44184_2327) + RUE DES FRENES (44184_2326)
GABARE, ,ALL DE LA GABARE (44055_1348),ALL DE LA GABARE (44184_2362)
GAULLE, ,AV DU GENERAL DE GAULLE (44055_1380),AV DU GENERAL DE GAULLE (44184_2457)
GENETS, ,AV DES GENETS (44055_1410),CHE DES GENETS (44184_2467)
GLAIEULS, ,AV DES GLAIEULS (44055_1460),ALL DES GLAIEULS (44184_2542)
GOELANDS, ,AV DES GOELANDS (44055_1490),RUE DES GOELANDS (44184_2550)
GOUGES, ,AV OLYMPE DE GOUGES (44055_2691),RUE OLYMPE DE GOUGES (44184_4515)
HETRES, ,ALL DES HETRES (44055_1650),RUE DES HETRES (44184_2913)
HIRONDEL, ,AV DES HIRONDELLES (44055_1670),IMP DES HIRONDELLES (44184_2931)
HORTENSI, ,AV DES HORTENSIAS (44055_1710),ALL DES HORTENSIAS (44184_2965)
HUGO, ,AV VICTOR HUGO (44055_3730),BD VICTOR HUGO (44184_5840)
IFS, ,ALL DES IFS (44055_1770),RUE DES IFS (44184_2988)
IRIS, ,AV DES IRIS (44055_1790),ALL DES IRIS (44184_3145)
JACINTHE, ,ALL DES JACINTHES (44055_1804),ALL DES JACINTHES (44184_3160)
JASMINS, ,AV DES JASMINS (44055_1815),ALL DES JASMINS (44184_3195)
JONQUILL, ,AV DES JONQUILLES (44055_1868),ALL DES JONQUILLES (44184_3460)
JUIN, ,PL DU 18 JUIN 1940 (44055_1047),PL DU 18 JUIN 1940 (44184_3666)
LAMBARDE, ,AV DE LA LAMBARDE (44055_2005),ALL DE LA LAMBARDE (44184_3639)
LAURIERS, ,AV DES LAURIERS (44055_2052),CHE DES LAURIERS (44184_3678)
LILAS, ,AV DES LILAS (44055_2120),ALL DES LILAS (44184_3830)
LINDBERG, ,AV CHARLES LINDBERG (44055_2140),RUE CHARLES LINDBERG (44184_1062)
LOIRE, ,AV DE LA LOIRE (44055_2150),RUE DE LA LOIRE (44184_3833)
LOTI, ,AV PIERRE LOTI (44055_2910),RUE PIERRE LOTI (44184_4940)
LYS, ,IMP DES LYS (44055_2224),ALL DES LYS (44184_3962)
MAGNOLIA, ,ALL DES MAGNOLIAS (44055_2240),ALL DES MAGNOLIAS (44184_3971)
MAINE, ,AV DU MAINE (44055_2250),RUE DU MAINE (44184_3970)
MARCHE, ,PL DU MARCHE (44055_2283),RUE DU MARCHE (44184_4030)
MARCHE, ,AV DU MARCHE (44055_2280),RUE DU MARCHE (44184_4030)
MARRONNI, ,ALL DES MARRONNIERS (44055_2400),RUE DES MARRONNIERS (44184_4061)
MASSENET, ,AV JULES MASSENET (44055_2420),RUE JULES MASSENET (44184_3560)
MELEZES, ,AV DES MELEZES (44055_2443),RUE DES MELEZES (44184_4133)
MERMOZ, ,AV JEAN MERMOZ (44055_1830),BD JEAN MERMOZ (44184_3390)
MIMOSAS, ,AV DES MIMOSAS (44055_2520),ALL DES MIMOSAS (44184_4210)
MOUETTES, ,ALL DES MOUETTES (44055_2550),RUE DES MOUETTES (44184_4320)
MULES, ,CHE DES MULES (44055_2580),IMP DES MULES (44184_4371) + CHE DES MULES (44184_4370)
MUSSET, ,AV ALFRED DE MUSSET (44055_0110),RUE ALFRED DE MUSSET (44184_0110)
NAZAIRE, ,RTE DE SAINT NAZAIRE (44055_3325),AV DE SAINT NAZAIRE (44184_5490)
NENUPHAR, ,ALL DES NENUPHARS (44055_2600),AV DES NENUPHARS (44184_4395)
NEPTUNE, ,ALL NEPTUNE (44055_2610),PL NEPTUNE (44184_4400)
NEYMAN, ,AV JEAN DE NEYMAN (44055_1820),IMP JEAN DE NEYMAN (44184_3315) + BD JEAN DE NEYMAN (44184_3314)
NOES, ,CLOS DES NOES (44055_A021),CHE DES NOES (44184_4449)
NOISETIE, ,ALL DES NOISETIERS (44055_2649),RUE DES NOISETIERS (44184_4453)
NORMANDI, ,AV DE NORMANDIE (44055_2650),RUE DE NORMANDIE (44184_4460)
NOTRE, ,AV ANDRE LE NOTRE (44055_2075),RUE ANDRE LE NOTRE (44184_0210)
OCEAN, ,BD DE L OCEAN (44055_2680),RTE DE L OCEAN (44184_4500) + IMP DE L OCEAN (44184_4499)
ORMES, ,AV DES ORMES (44055_2730),RUE DES ORMES (44184_4525)
OUESSANT, ,AV D OUESSANT (44055_2740),RUE D OUESSANT (44184_4530)
PAQUERET, ,IMP DES PAQUERETTES (44055_2756),ALL DES PAQUERETTES (44184_4560)
PELICANS, ,AV DES PELICANS (44055_2885),ALL DES PELICANS (44184_4638)
PEPINIER, ,ALL DE LA PEPINIERE (44055_2888),ALL DE LA PEPINIERE (44184_4666)
PERCEE, ,AV PIERRE PERCEE (44055_2920),ALL PIERRE PERCEE (44184_4945)
PERVENCH, ,ALL DES PERVENCHES (44055_2886),ALL DES PERVENCHES (44184_4695)
PETRELS, ,ALL DES PETRELS (44055_2895),ALL DES PETRELS (44184_4775)
PEUPLIER, ,AV DES PEUPLIERS (44055_2900),RUE DES PEUPLIERS (44184_4777)
PINGOUIN, ,ALL DES PINGOUINS (44055_2950),ALL DES PINGOUINS (44184_4958)
PINSONS, ,ALL DES PINSONS (44055_2961),RUE DES PINSONS (44184_4960)
PLAGE, ,AV DE LA PLAGE (44055_2960),CHE DE LA PLAGE (44184_4965)
PLATANES, ,AV DES PLATANES (44055_2970),PL DES PLATANES (44184_4967)
PLUVIERS, ,ALL DES PLUVIERS (44055_3000),ALL DES PLUVIERS (44184_4987)
PRIMEVER, ,AV DES PRIMEVERES (44055_3067),SQ DES PRIMEVERES (44184_5151) + ALL DES PRIMEVERES (44184_5150)
RACINE, ,AV JEAN RACINE (44055_3100),RUE JEAN RACINE (44184_3440)
RODIN, ,AV AUGUSTE RODIN (44055_0328),RUE AUGUSTE RODIN (44184_0410)
ROSEAUX, ,AV DES ROSEAUX (44055_3235),ALL DES ROSEAUX (44184_5403)
ROSES, ,AV DES ROSES (44055_3237),ALL DES ROSES (44184_5405)
ROSTAND, ,AV EDMOND ROSTAND (44055_1130),RUE EDMOND ROSTAND (44184_1721)
RUDE, ,AV FRANCOIS RUDE (44055_1319),RUE FRANCOIS RUDE (44184_2210)
SAND, ,AV GEORGE SAND (44055_1450),RUE GEORGE SAND (44184_2480)
SANDEAU, ,AV JULES SANDEAU (44055_1900),RUE JULES SANDEAU (44184_3575)
SAULES, ,ALL DES SAULES (44055_3405),RUE DES SAULES (44184_5535)
SORBIERS, ,AV DES SORBIERS (44055_3430),RUE DES SORBIERS (44184_5594)
SPORTS, ,AV DES SPORTS (44055_3450),AV DES SPORTS (44184_5600)
STERNES, ,ALL DES STERNES (44055_3461),ALL DES STERNES (44184_5625)
TAMARIS, ,ALL DES TAMARIS (44055_3480),ALL DES TAMARIS (44184_5645)
TILLEULS, ,ALL DES TILLEULS (44055_3522),RUE DES TILLEULS (44184_5654)
TROENES, ,ALL DES TROENES (44055_3610),RUE DES TROENES (44184_5755)
TULIPES, ,ALL DES TULIPES (44055_3650),ALL DES TULIPES (44184_5760)
VALERY, ,AV PAUL VALERY (44055_2865),RUE PAUL VALERY (44184_4633)
VANNEAUX, ,ALL DES VANNEAUX (44055_3680),ALL DES VANNEAUX (44184_5765)
VERDUN, ,AV DE VERDUN (44055_3700),BD DE VERDUN (44184_5810)
VERNE, ,AV JULES VERNE (44055_1910),RUE JULES VERNE (44184_3600)
VILLENEU, ,RTE DE VILLENEUVE (44055_3791),RPT DE VILLENEUVE (44184_5967) + CHE DE VILLENEUVE (44184_5966) + AV DE VILLENEUVE (44184_5965)
VIOLETTE, ,AV DES VIOLETTES (44055_3840),ALL DES VIOLETTES (44184_6100)
LANDE,0,LA LANDE (44055_B161),LA LANDE (44184_B501)
VILLENEU,0,VILLENEUVE (44055_B424),VILLENEUVE (44184_B438)
