mot_commun,ld,nom,homonymes
ACACIAS, ,AV DES ACACIAS (44020_0020),AV DES ACACIAS (44162_0020)
ACACIAS, ,RUE DES ACACIAS (44020_0040),AV DES ACACIAS (44162_0020)
AJONCS, ,CHE DES AJONCS (44020_0080),RUE DES AJONCS (44162_0028)
ALLENDE, ,RUE SALVADOR ALLENDE (44020_3085),BD SALVADOR ALLENDE (44162_2463)
BEAUVAIS, ,RUE DE BEAUVAIS (44020_0460),RUE DE BEAUVAIS (44162_0171)
BEAUVOIR, ,RUE SIMONE DE BEAUVOIR (44020_3321),RUE SIMONE DE BEAUVOIR (44162_2503)
BELLEVUE, ,RUE DE BELLEVUE (44020_0500),AV DE BELLEVUE (44162_0220)
BLANCHE, ,CHE DE LA BLANCHE (44020_0540),IMP DE LA BLANCHE (44162_0300) + RUE DE LA BLANCHE (44162_0290)
BLUM, ,RUE LEON BLUM (44020_1987),RUE LEON BLUM (44162_1508)
BLUM, ,SQ LEON BLUM (44020_1988),RUE LEON BLUM (44162_1508)
BOUCHER, ,RUE HELENE BOUCHER (44020_1800),RUE HELENE BOUCHER (44162_0344)
BRASSENS, ,PL GEORGES BRASSENS (44020_1639),ESP GEORGES BRASSENS (44162_0422)
BRASSENS, ,RUE GEORGES BRASSENS (44020_1638),ESP GEORGES BRASSENS (44162_0422)
BREL, ,CHE JACQUES BREL (44020_1834),RUE JACQUES BREL (44162_0272)
BREL, ,RUE JACQUES BREL (44020_1833),RUE JACQUES BREL (44162_0272)
CAMELIAS, ,ALL DES CAMELIAS (44020_0830),AV DES CAMELIAS (44162_0483)
CAMELIAS, ,AV DES CAMELIAS (44020_0831),AV DES CAMELIAS (44162_0483)
CAMUS, ,CHE ALBERT CAMUS (44020_0082),RUE ALBERT CAMUS (44162_0036)
CHAPLIN, ,RUE CHARLIE CHAPLIN (44020_0997),IMP CHARLIE CHAPLIN (44162_0558)
CLEMENT, ,RUE JEAN BAPTISTE CLEMENT (44020_1835),IMP JEAN BAPTISTE CLEMENT (44162_1332)
COLOMB, ,RUE CHRISTOPHE COLOMB (44020_1090),RUE CHRISTOPHE COLOMB (44162_0732)
EINSTEIN, ,RUE ALBERT EINSTEIN (44020_0083),IMP ALBERT EINSTEIN (44162_0037)
ELUARD, ,CHE PAUL ELUARD (44020_2586),ALL PAUL ELUARD (44162_2027)
ETANG, ,RUE DE L ETANG (44020_1475),IMP DE L ETANG (44162_0989)
EXUPERY, ,RUE SAINT EXUPERY (44020_3070),RUE SAINT EXUPERY (44162_2450)
FERRY, ,RUE JULES FERRY (44020_1871),RUE JULES FERRY (44162_1404)
FRACHON, ,RUE BENOIT FRACHON (44020_0524),RUE BENOIT FRACHON (44162_0248)
FRACHON, ,SQ BENOIT FRACHON (44020_0525),RUE BENOIT FRACHON (44162_0248)
FRANCE, ,RUE PIERRE MENDES FRANCE (44020_2748),PL PIERRE MENDES FRANCE (44162_2181)
GENETS, ,RUE DES GENETS (44020_1622),AV DES GENETS (44162_1120) + IMP DES GENETS (44162_1119)
HUGO, ,RUE VICTOR HUGO (44020_3340),IMP VICTOR HUGO (44162_2658)
JAURES, ,RUE JEAN JAURES (44020_1850),RUE JEAN JAURES (44162_1345)
KING, ,RUE MARTIN LUTHER KING (44020_2095),IMP MARTIN LUTHER KING (44162_1611)
LAURENCI, ,RUE MARIE LAURENCIN (44020_2082),IMP MARIE LAURENCIN (44162_1602)
LAURIERS, ,AV DES LAURIERS (44020_1982),ALL DES LAURIERS (44162_1499)
LINDBERG, ,RUE CHARLES LINDBERGH (44020_0992),ALL CHARLES LINDBERGH (44162_0553)
LOIRE, ,LA LOIRE (44020_X023),LA LOIRE (44162_X006)
LUXEMBOU, ,RUE ROSA LUXEMBOURG (44020_3025),RUE ROSA LUXEMBOURG (44162_2418)
MARRONNI, ,IMP DES MARRONNIERS (44020_2091),ALL DES MARRONNIERS (44162_1603)
MICHEL, ,RUE LOUISE MICHEL (44020_2025),ALL LOUISE MICHEL (44162_1549)
MOULIN, ,RUE JEAN MOULIN (44020_1865),PL JEAN MOULIN (44162_1352) + AV JEAN MOULIN (44162_1360)
NEPTUNE, ,AV NEPTUNE (44020_2325),RUE NEPTUNE (44162_1832)
NERUDA, ,PL PABLO NERUDA (44020_2414),RUE PABLO NERUDA (44162_1921)
NERUDA, ,RUE PABLO NERUDA (44020_2415),RUE PABLO NERUDA (44162_1921)
NEUVE, ,CHE DE LA PIECE NEUVE (44020_2715),RUE DE LA PIECE NEUVE (44162_2149)
NEVEU, ,RUE GINETTE NEVEU (44020_1710),AV GINETTE NEVEU (44162_1130)
NEWTON, ,RUE ISAAC NEWTON (44020_3416),IMP ISAAC NEWTON (44162_1323)
PAIX, ,IMP DE LA PAIX (44020_2480),PL DE LA PAIX (44162_1927)
PAIX, ,PAS DE LA PAIX (44020_2461),PL DE LA PAIX (44162_1927)
PAIX, ,RUE DE LA PAIX (44020_2460),PL DE LA PAIX (44162_1927)
PASTEUR, ,RUE PASTEUR (44020_2580),AV PASTEUR (44162_1970)
PIAF, ,RUE EDITH PIAF (44020_1436),RUE EDITH PIAF (44162_0943)
PICASSO, ,CHE PABLO PICASSO (44020_2416),ALL PABLO PICASSO (44162_1922)
PICASSO, ,RUE PABLO PICASSO (44020_2417),ALL PABLO PICASSO (44162_1922)
PLANTES, ,AV DES PLANTES (44020_2755),AV DES PLANTES (44162_2220)
POTTIER, ,RUE EUGENE POTTIER (44020_1490),IMP EUGENE POTTIER (44162_0999)
PREVERT, ,CHE JACQUES PREVERT (44020_1831),RUE JACQUES PREVERT (44162_1329)
RENOIR, ,RUE JEAN RENOIR (44020_1866),IMP JEAN RENOIR (44162_1364)
REPUBLIQ, ,PL DE LA REPUBLIQUE (44020_2940),AV DE LA REPUBLIQUE (44162_2350)
ROCHER, ,CHE DU ROCHER (44020_2980),RUE DU ROCHER (44162_2399)
ROMAIN, ,MAIL JULES ROMAIN (44020_1876),IMP JULES ROMAIN (44162_1412)
SAPINS, ,RUE DES SAPINS (44020_3100),AV DES SAPINS (44162_2460)
SCHOELCH, ,RPT VICTOR SCHOELCHER (44020_3342),RUE VICTOR SCHOELCHER (44162_2681)
TERTRE, ,RUE DU TERTRE (44020_3185),BD DU TERTRE (44162_2560)
TILLEULS, ,AV DES TILLEULS (44020_3200),ALL DES TILLEULS (44162_2589)
TRIOLET, ,RUE ELSA TRIOLET (44020_1441),RUE ELSA TRIOLET (44162_0953)
TRISTAN, ,RUE FLORA TRISTAN (44020_1499),ALL FLORA TRISTAN (44162_1027)
VALLEE, ,QUAI DE LA VALLEE (44020_3220),VEN DE LA VALLEE (44162_2631)
VALLES, ,RUE JULES VALLES (44020_1875),ALL JULES VALLES (44162_1415)
VENTS, ,AV DES QUATRE VENTS (44020_2900),ESP DES QUATRE VENTS (44162_2308) + CHE DES QUATRE VENTS (44162_2309)
VERGER, ,RUE DU VERGER (44020_3305),CHE DU VERGER (44162_2653)
VERNE, ,RUE JULES VERNE (44020_1880),IMP JULES VERNE (44162_1416)
VIGNES, ,CHE DES VIGNES (44020_3381),CHE DES VIGNES (44162_2677)
VIGNES, ,RUE DES VIGNES (44020_3380),CHE DES VIGNES (44162_2677)
ZOLA, ,RUE EMILE ZOLA (44020_1452),RUE EMILE ZOLA (44162_0962)
BRETONNI,0,LA BRETONNIERE (44020_B053),LA BRETONNIERE (44162_B057)
SOLEIL,0,BEAU SOLEIL (44020_B024),BEAU SOLEIL (44162_B023)
