mot_commun,ld,nom,homonymes
ABOUT, ,RUE EDMOND ABOUT (44184_1720),RUE EDMOND ABOUT (44210_0172)
AIGRETTE, ,ALL DES AIGRETTES (44184_0048),RUE DES AIGRETTES (44210_0009)
AIR, ,IMP DE BEL AIR (44184_0530),RUE DE BEL AIR (44210_0045)
AIR, ,PAS DE BEL AIR (44184_0549),RUE DE BEL AIR (44210_0045)
AIR, ,PL DE BEL AIR (44184_0550),RUE DE BEL AIR (44210_0045)
AIR, ,RUE DE BEL AIR (44184_0560),RUE DE BEL AIR (44210_0045)
AMISSE, ,RPT DE LA CROIX AMISSE (44184_1399),RUE DE LA CROIX AMISSE (44210_0137)
AMISSE, ,RUE LA CROIX AMISSE (44184_1400),LA CROIX AMISSE (44210_B208)
ARAGON, ,PL LOUIS ARAGON (44184_3836),RUE LOUIS ARAGON (44210_0026)
AUBEPINE, ,ALL DES AUBEPINES (44184_0365),IMP DES AUBEPINES (44210_0028)
BARBARA, ,ALL BARBARA (44184_0464),AV BARBARA (44210_0039)
BART, ,RUE JEAN BART (44184_3250),RUE JEAN BART (44210_0295)
BEAUVOIR, ,PL SIMONE DE BEAUVOIR (44184_5572),ALL SIMONE DE BEAUVOIR (44210_0601)
BERT, ,CHE DE BERT (44184_0610),RTE DE BERT (44210_0060)
BLUM, ,AV LEON BLUM (44184_3740),BD LEON BLUM (44210_0340)
BOMBARD, ,ALL ALAIN BOMBARD (44184_0056),COUR ALAIN BOMBARD (44210_0012)
BOTREL, ,IMP THEODORE BOTREL (44184_5648),RUE THEODORE BOTREL (44210_0568)
BRASSENS, ,PL GEORGES BRASSENS (44184_2494),BD GEORGES BRASSENS (44210_0264)
BRIVET, ,QUAI DU BRIVET (44184_0769),RUE DU BRIVET (44210_0080)
BRIVET, ,RUE DU BRIVET (44184_0770),RUE DU BRIVET (44210_0080)
BROSSOLE, ,RUE PIERRE BROSSOLETTE (44184_4850),IMP PIERRE BROSSOLETTE (44210_0521) + RUE PIERRE BROSSOLETTE (44210_0520)
CABOTEUR, ,RUE DES CABOTEURS (44184_0790),CHE DES CABOTEURS (44210_0104)
CAMUS, ,RUE ALBERT CAMUS (44184_0055),ALL ALBERT CAMUS (44210_0015) + IMP ALBERT CAMUS (44210_0016)
CEZANNE, ,ALL PAUL CEZANNE (44184_4611),ALL PAUL CEZANNE (44210_0483)
CHAMPS, ,RTE DES GRANDS CHAMPS (44184_2635),RTE DES GRANDS CHAMPS (44210_0270)
COMBES, ,PAS EMILE COMBES (44184_1159),RUE EMILE COMBES (44210_0170)
COMBES, ,RUE EMILE COMBES (44184_1760),RUE EMILE COMBES (44210_0170)
COULOMB, ,RUE CHARLES COULOMB (44184_1010),IMP CHARLES COULOMB (44210_0130)
COURLIS, ,ALL DES COURLIS (44184_1345),RUE DES COURLIS (44210_0134)
DANTON, ,PAS DANTON (44184_1495),RLE DANTON (44210_0160)
DEGAS, ,RUE EDGAR DEGAS (44184_1707),RUE EDGAR DEGAS (44210_0165)
DELACROI, ,RUE EUGENE DELACROIX (44184_1890),AV EUGENE DELACROIX (44210_0203)
FRENES, ,RPT DES FRENES (44184_2327),RUE DES FRENES (44210_0245)
FRENES, ,RUE DES FRENES (44184_2326),RUE DES FRENES (44210_0245)
GAUTIER, ,PAS HENRI GAUTIER (44184_2861),BD HENRI GAUTIER (44210_0280)
GAUTIER, ,RUE HENRI GAUTIER (44184_2860),BD HENRI GAUTIER (44210_0280)
HERBINS, ,AV D HERBINS (44184_2900),IMP D HERBINS (44210_0289) + AV D HERBINS (44210_0290)
HERBINS, ,CITE D HERBINS (44184_A041),AV D HERBINS (44210_0290) + IMP D HERBINS (44210_0289)
JAURES, ,PAS JEAN JAURES (44184_3359),RUE JEAN JAURES (44210_0300)
JAURES, ,RUE JEAN JAURES (44184_3360),RUE JEAN JAURES (44210_0300)
LAGRANGE, ,AV LEO LAGRANGE (44184_3720),RUE LEO LAGRANGE (44210_0330)
MAILLOL, ,ALL ARISTIDE MAILLOL (44184_0312),RUE ARISTIDE MAILLOL (44210_0375)
MARCET, ,IMP BAPTISTE MARCET (44184_0461),RUE BAPTISTE MARCET (44210_0038)
MARCET, ,RUE BAPTISTE MARCET (44184_0462),RUE BAPTISTE MARCET (44210_0038)
MARCHE, ,RUE DU MARCHE (44184_4030),PL DU MARCHE (44210_0400) + RUE DU MARCHE (44210_0410)
MARSAC, ,RTE DE MARSAC (44184_4065),RTE DE MARSAC (44210_0420)
MEAN, ,QUAI DE MEAN (44184_4161),RUE DE MEAN (44210_0440) + RTE DE MEAN (44210_0438)
MICHEL, ,IMP LOUISE MICHEL (44184_3940),IMP LOUISE MICHEL (44210_0350)
MICHEL, ,RUE LOUISE MICHEL (44184_3950),IMP LOUISE MICHEL (44210_0350)
MONET, ,ALL CLAUDE MONET (44184_1165),RUE CLAUDE MONET (44210_0133)
NAZAIRE, ,AV DE SAINT NAZAIRE (44184_5490),RUE DE SAINT NAZAIRE (44210_0550)
PAIX, ,RUE DE LA PAIX (44184_4540),RUE DE LA PAIX (44210_0470)
PASTEUR, ,RUE LOUIS PASTEUR (44184_3920),RUE LOUIS PASTEUR (44210_0370)
PELLOUTI, ,RUE FERNAND PELLOUTIER (44184_2000),RUE FERNAND PELLOUTIER (44210_0210) + IMP FERNAND PELLOUTIER (44210_0209)
PENHOET, ,AV DE PENHOET (44184_4650),RUE DE PENHOET (44210_0490) + RTE DE PENHOET (44210_0492)
PENHOET, ,QUAI DE PENHOET (44184_4649),RUE DE PENHOET (44210_0490) + RTE DE PENHOET (44210_0492)
PERRET, ,RUE JEAN MARIE PERRET (44184_3385),RUE JEAN MARIE PERRET (44210_0310) + IMP JEAN MARIE PERRET (44210_0306)
PEUPLIER, ,RUE DES PEUPLIERS (44184_4777),IMP DES PEUPLIERS (44210_0517)
PIAF, ,ALL EDITH PIAF (44184_1717),RUE EDITH PIAF (44210_0166)
PREZEGAT, ,RUE DE PREZEGAT (44184_5140),RUE DE PREZEGAT (44210_0541) + RTE DE PREZEGAT (44210_0540)
RENAN, ,AV ERNEST RENAN (44184_1818),RUE ERNEST RENAN (44210_0200)
RENAN, ,IMP ERNEST RENAN (44184_1819),RUE ERNEST RENAN (44210_0200)
RENOIR, ,RUE AUGUSTE RENOIR (44184_0412),AV AUGUSTE RENOIR (44210_0033)
RODIN, ,RUE AUGUSTE RODIN (44184_0410),RUE AUGUSTE RODIN (44210_0544) + IMP AUGUSTE RODIN (44210_0547)
SARTRE, ,SQ JEAN PAUL SARTRE (44184_3418),IMP JEAN PAUL SARTRE (44210_0313)
SEMBAT, ,RUE MARCEL SEMBAT (44184_4010),RUE MARCEL SEMBAT (44210_0390)
TAMARIS, ,ALL DES TAMARIS (44184_5645),ALL DES TAMARIS (44210_0566)
TILLEULS, ,RUE DES TILLEULS (44184_5654),ALL DES TILLEULS (44210_0567)
TRIOLET, ,ALL ELSA TRIOLET (44184_1759),IMP ELSA TRIOLET (44210_0171)
VERNE, ,RUE JULES VERNE (44184_3600),RUE JULES VERNE (44210_0320)
VINCI, ,IMP LEONARD DE VINCI (44184_3725),ALL LEONARD DE VINCI (44210_0341)
VINCI, ,RUE LEONARD DE VINCI (44184_3730),ALL LEONARD DE VINCI (44210_0341)
ZOLA, ,BD EMILE ZOLA (44184_1790),RUE EMILE ZOLA (44210_0188)
HERBINS,0,HERBINS (44184_B166),HERBINS (44210_B061)
