mot_commun,ld,nom,homonymes
ACACIAS, ,IMP DES ACACIAS (44069_0022),ALL DES ACACIAS (44211_0005)
BAULE, ,RTE DE LA BAULE (44069_0166),RUE DE LA BAULE (44211_0090)
CALVAIRE, ,PL DU CALVAIRE (44069_0457),RUE DU CALVAIRE (44211_0180)
CALVAIRE, ,RUE DU CALVAIRE (44069_0456),RUE DU CALVAIRE (44211_0180)
CHAPELLE, ,IMP DE LA CHAPELLE (44069_0535),RUE DE LA CHAPELLE (44211_0193)
CHAPELLE, ,PL DE LA CHAPELLE (44069_0536),RUE DE LA CHAPELLE (44211_0193)
CORMORAN, ,ALL DES CORMORANS (44069_0618),ALL DES CORMORANS (44211_0230)
CROISIC, ,RUE DU CROISIC (44069_0660),RUE DU CROISIC (44211_0240)
DAUDET, ,RUE ALPHONSE DAUDET (44069_0050),RUE ALPHONSE DAUDET (44211_0259)
DUMET, ,ALL DE L ILE DUMET (44069_1226),RUE DE L ILE DUMET (44211_0451)
EGLISE, ,PL DE L EGLISE (44069_0780),PL DE L EGLISE (44211_0279) + RUE DE L EGLISE (44211_0277)
EGLISE, ,RUE DE L EGLISE (44069_0800),PL DE L EGLISE (44211_0279) + RUE DE L EGLISE (44211_0277)
EUROPE, ,PL DE L EUROPE (44069_1096),BD DE L EUROPE (44211_0283)
FORGE, ,CHE DE LA FORGE (44069_0857),RUE DE LA FORGE (44211_0320) + IMP DE LA FORGE (44211_0340)
FOUR, ,IMP DU FOUR (44069_0859),RUE DU FOUR (44211_0360)
FOUR, ,RUE DU FOUR (44069_0860),RUE DU FOUR (44211_0360)
FUIE, ,RUE DE LA FUIE (44069_0849),IMP DE LA FUIE (44211_0385)
GARE, ,RUE DE L ANCIENNE GARE (44069_0901),PL DE L ANCIENNE GARE (44211_0030)
GOELANDS, ,CHE DES GOELANDS (44069_0965),RUE DES GOELANDS (44211_0411)
HOEDIC, ,ALL DE L ILE D HOEDIC (44069_1122),RUE DE L ILE D HOEDIC (44211_0446)
HOUAT, ,ALL DE L ILE D HOUAT (44069_1228),RUE DE L ILE D HOUAT (44211_0450)
HUGO, ,RUE VICTOR HUGO (44069_2650),ALL VICTOR HUGO (44211_0423)
ILE, ,ALL DE BELLE ILE (44069_0302),RUE DE BELLE ILE (44211_0150)
ILE, ,AV DE BELLE ILE (44069_0301),RUE DE BELLE ILE (44211_0150)
KERSALIO, ,CHE DE KERSALIO (44069_1180),IMP DE KERSALIO (44211_0467)
LAMARTIN, ,RUE LAMARTINE (44069_1188),ALL LAMARTINE (44211_0031)
LANDES, ,DOM DES LANDES (44069_A060),CHE DES LANDES (44211_0543)
MIMOSAS, ,AV DES MIMOSAS (44069_1489),ALL DES MIMOSAS (44211_0544)
MOUETTES, ,ALL DES MOUETTES (44069_1510),ALL DES MOUETTES (44211_0545)
MOULIN, ,RUE DU MOULIN (44069_1520),RUE DU MOULIN (44211_0550)
PALUDIER, ,RTE DES PALUDIERS (44069_1652),ALL DES PALUDIERS (44211_0635)
PALUDIER, ,RUE DES PALUDIERS (44069_1653),ALL DES PALUDIERS (44211_0635)
PEUPLIER, ,RUE DES PEUPLIERS (44069_1740),ALL DES PEUPLIERS (44211_0821)
PINS, ,IMP DES PINS (44069_1778),RUE DES PINS (44211_0805)
ROCHER, ,RLE DU ROCHER (44069_1996),IMP DU ROCHER (44211_0888)
SALORGES, ,ALL DES SALORGES (44069_2374),ALL DES SALORGES (44211_1090)
SAULES, ,ALL DES SAULES (44069_2388),IMP DES SAULES (44211_1093)
SOURCES, ,RUE DES SOURCES (44069_2405),CHE DES SOURCES (44211_1107)
SPORTS, ,AV DES SPORTS (44069_2410),ALL DES SPORTS (44211_1132)
STERNES, ,ALL DES STERNES (44069_2415),ALL DES STERNES (44211_1109)
TANNERIE, ,CHE DE LA TANNERIE (44069_2440),IMP DE LA TANNERIE (44211_1125)
BOEUFS,0,LE PARC DES BOEUFS (44069_C216),LE PARC DES BOEUFS (44211_B179)
BOIS,0,LE PETIT BOIS (44069_C438),LE PETIT BOIS (44211_B218)
REQUERRE,0,LE REQUERRE (44069_C879),LE REQUERRE (44211_B310)
