mot_commun,ld,nom,homonymes
AJONCS, ,ALL DES AJONCS (44132_0050),RUE DES AJONCS (44184_0052)
ALBATROS, ,AV DES ALBATROS (44132_0055),ALL DES ALBATROS (44184_0054)
AMANDIER, ,LOT DES AMANDIERS (44132_A007),RPT DES AMANDIERS (44184_0146) + RUE DES AMANDIERS (44184_0145)
ANEMONES, ,AV DES ANEMONES (44132_0075),ALL DES ANEMONES (44184_0213)
ARC, ,AV JEANNE D ARC (44132_0670),RUE JEANNE D ARC (44184_3410) + IMP JEANNE D ARC (44184_3409)
AUBEPINE, ,IMP DES AUBEPINES (44132_0083),ALL DES AUBEPINES (44184_0365)
AVOCETTE, ,AV DES AVOCETTES (44132_0088),ALL DES AVOCETTES (44184_0445)
BLEUETS, ,AV DES BLEUETS (44132_0140),ALL DES BLEUETS (44184_0647)
BOULEAUX, ,ALL DES BOULEAUX (44132_0181),RUE DES BOULEAUX (44184_0687)
BRIAND, ,PL ARISTIDE BRIAND (44132_0080),RUE ARISTIDE BRIAND (44184_0310)
CAMELIAS, ,AV DES CAMELIAS (44132_0220),ALL DES CAMELIAS (44184_0807)
CEDRES, ,ALL DES CEDRES (44132_0276),RUE DES CEDRES (44184_0895)
CHAMPS, ,CHE DES GRANDS CHAMPS (44132_0602),RTE DES GRANDS CHAMPS (44184_2635)
CHAPELLE, ,AV DE LA CHAPELLE (44132_0280),IMP DE LA CHAPELLE (44184_0910)
CHARDONN, ,AV DES CHARDONNERETS (44132_0295),RUE DES CHARDONNERETS (44184_0980)
CHARPENT, ,AV DU GRAND CHARPENTIER (44132_0598),ALL DU GRAND CHARPENTIER (44184_2582)
CLEMATIT, ,AV DES CLEMATITES (44132_0340),ALL DES CLEMATITES (44184_1240)
CLEMENCE, ,AV GEORGES CLEMENCEAU (44132_0580),RUE GEORGES CLEMENCEAU (44184_2500)
COQUELIC, ,ALL DES COQUELICOTS (44132_0379),ALL DES COQUELICOTS (44184_1290)
CORMIER, ,CHE DU CORMIER (44132_0367),RPT DU CORMIER (44184_1302) + RTE DU CORMIER (44184_1301)
COURBET, ,AV AMIRAL COURBET (44132_0070),RUE AMIRAL COURBET (44184_0160)
COURLIS, ,AV DES COURLIS (44132_0382),ALL DES COURLIS (44184_1345)
DEVANT, ,RTE DE LA VIREE DE DEVANT (44132_1623),RTE DE LA VIREE DE DEVANT (44184_6128)
DOUANIER, ,AV DES DOUANIERS (44132_0395),CHE DES DOUANIERS (44184_1647)
FAISANS, ,IMP DES FAISANS (44132_0435),ALL DES FAISANS (44184_1905)
FALAISE, ,CHE DE LA FALAISE (44132_0450),AV DE LA FALAISE (44184_1910)
FAUVETTE, ,AV DES FAUVETTES (44132_0455),RUE DES FAUVETTES (44184_1920) + IMP DES FAUVETTES (44184_1919)
FLAUBERT, ,AV GUSTAVE FLAUBERT (44132_0133),RUE GUSTAVE FLAUBERT (44184_2690) + IMP GUSTAVE FLAUBERT (44184_2689)
FORGES, ,RTE DES FORGES (44132_0471),RTE DES FORGES (44184_2057)
FOUGERES, ,AV DES FOUGERES (44132_0480),ALL DES FOUGERES (44184_2115)
FRANCAIS, ,PL DU SOUVENIR FRANCAIS (44132_1206),SQ DU SOUVENIR FRANCAIS (44184_5597)
FREGATES, ,ALL DES FREGATES (44132_0488),AV DES FREGATES (44184_2310) + QUAI DES FREGATES (44184_2309)
GAULLE, ,AV DU GENERAL DE GAULLE (44132_0550),AV DU GENERAL DE GAULLE (44184_2457)
GENETS, ,ALL DES GENETS (44132_0570),CHE DES GENETS (44184_2467)
GLAIEULS, ,AV DES GLAIEULS (44132_0595),ALL DES GLAIEULS (44184_2542)
GLYCINES, ,AV DES GLYCINES (44132_0594),ALL DES GLYCINES (44184_2545)
GOELANDS, ,ALL DES GOELANDS (44132_0596),RUE DES GOELANDS (44184_2550)
HETRES, ,ALL DES HETRES (44132_0652),RUE DES HETRES (44184_2913)
HIPPODRO, ,RPT DE L HIPPODROME (44132_0011),RUE DE L HIPPODROME (44184_2920)
HIRONDEL, ,AV DES HIRONDELLES (44132_0658),IMP DES HIRONDELLES (44184_2931)
HUGO, ,AV VICTOR HUGO (44132_1480),BD VICTOR HUGO (44184_5840)
IFS, ,ALL DES IFS (44132_0653),RUE DES IFS (44184_2988)
JONQUILL, ,ALL DES JONQUILLES (44132_0683),ALL DES JONQUILLES (44184_3460)
JUIN, ,AV DU 18 JUIN 1940 (44132_0397),PL DU 18 JUIN 1940 (44184_3666)
LAMBARDE, ,AV DE LA LAMBARDE (44132_0703),ALL DE LA LAMBARDE (44184_3639)
LANDES, ,CHE DES VIREES DES LANDES (44132_1628),CHE DES VIREES DES LANDES (44184_6124)
LILAS, ,AV DES LILAS (44132_0750),ALL DES LILAS (44184_3830)
LYS, ,AV DES LYS (44132_0785),ALL DES LYS (44184_3962)
MARRONNI, ,ALL DES MARRONNIERS (44132_0831),RUE DES MARRONNIERS (44184_4061)
MESANGES, ,AV DES MESANGES (44132_0885),RUE DES MESANGES (44184_4160)
MIMOSAS, ,AV DES MIMOSAS (44132_0900),ALL DES MIMOSAS (44184_4210)
MOUETTES, ,AV DES MOUETTES (44132_0960),RUE DES MOUETTES (44184_4320)
MYOSOTIS, ,AV DES MYOSOTIS (44132_0990),ALL DES MYOSOTIS (44184_4385)
NAZAIRE, ,BD DE SAINT NAZAIRE (44132_1420),AV DE SAINT NAZAIRE (44184_5490)
NOES, ,AV DES NOES (44132_1010),CHE DES NOES (44184_4449)
NOES, ,IMP DES NOES (44132_1011),CHE DES NOES (44184_4449)
OCEAN, ,BD DE L OCEAN (44132_1030),RTE DE L OCEAN (44184_4500) + IMP DE L OCEAN (44184_4499)
OCEAN, ,AV DE L OCEAN (44132_1020),RTE DE L OCEAN (44184_4500) + IMP DE L OCEAN (44184_4499)
PEPINIER, ,LOT DE LA PEPINIERE (44132_A149),ALL DE LA PEPINIERE (44184_4666)
PERVENCH, ,AV DES PERVENCHES (44132_1100),ALL DES PERVENCHES (44184_4695)
PEUPLIER, ,AV DES PEUPLIERS (44132_1140),RUE DES PEUPLIERS (44184_4777)
PIERRE, ,AV DE LA PIERRE (44132_1150),RTE DE LA PIERRE (44184_4831)
PINSONS, ,ALL DES PINSONS (44132_1171),RUE DES PINSONS (44184_4960)
PLAGE, ,AV DE LA PLAGE (44132_1182),CHE DE LA PLAGE (44184_4965)
PORT, ,BD DU PORT (44132_0141),RUE DU PORT (44184_5060)
PRAZILLO, ,RTE DU PRAZILLON (44132_1226),IMP DU PRAZILLON (44184_5087) + CHE DU PRAZILLON (44184_5084)
PRIMEVER, ,AV DES PRIMEVERES (44132_1250),SQ DES PRIMEVERES (44184_5151) + ALL DES PRIMEVERES (44184_5150)
REPUBLIQ, ,IMP DE LA REPUBLIQUE (44132_1292),AV DE LA REPUBLIQUE (44184_5330)
REPUBLIQ, ,PL DE LA REPUBLIQUE (44132_1294),AV DE LA REPUBLIQUE (44184_5330)
REPUBLIQ, ,BD DE LA REPUBLIQUE (44132_1290),AV DE LA REPUBLIQUE (44184_5330)
ROCHES, ,AV DES ROCHES (44132_1320),CHE DES ROCHES (44184_5392)
ROSES, ,AV DES ROSES (44132_1340),ALL DES ROSES (44184_5405)
SAULES, ,AV DES SAULES (44132_1425),RUE DES SAULES (44184_5535)
SEBASTIE, ,AV DE SAINT SEBASTIEN (44132_1381),RTE DE SAINT SEBASTIEN (44184_5495)
SELLIER, ,AV HENRI SELLIER (44132_0645),RUE HENRI SELLIER (44184_2880)
SORBIERS, ,ALL DES SORBIERS (44132_1443),RUE DES SORBIERS (44184_5594)
SOURCE, ,CHE DE LA SOURCE (44132_1445),CHE DE LA SOURCE (44184_5595)
SPORTS, ,AV DES SPORTS (44132_1450),AV DES SPORTS (44184_5600)
STERNES, ,AV DES STERNES (44132_1451),ALL DES STERNES (44184_5625)
TAMARIS, ,AV DES TAMARIS (44132_1453),ALL DES TAMARIS (44184_5645)
TROENES, ,AV DES TROENES (44132_1460),RUE DES TROENES (44184_5755)
TULIPES, ,AV DES TULIPES (44132_1465),ALL DES TULIPES (44184_5760)
VENTS, ,RTE DES QUATRE VENTS (44132_1259),RTE DES QUATRE VENTS (44184_5211)
VERNE, ,ALL JULES VERNE (44132_0686),RUE JULES VERNE (44184_3600)
VIOLETTE, ,LOT DES VIOLETTES (44132_A004),ALL DES VIOLETTES (44184_6100)
VIOLETTE, ,AV DES VIOLETTES (44132_1620),ALL DES VIOLETTES (44184_6100)
FORGES,0,LES FORGES (44132_B083),LES FORGES (44184_B116)
VENTS,0,LES QUATRE VENTS (44132_B243),LES QUATRE VENTS (44184_B386)
