mot_commun,ld,nom,homonymes
ABATTOIR, ,RUE DES ABATTOIRS (44109_0008),PL DES ABATTOIRS (44143_0005)
ACACIAS, ,AV DES ACACIAS (44109_0028),PL DES ACACIAS (44143_0008)
ADENAUER, ,RUE KONRAD ADENAUER (44109_4717),RUE KONRAD ADENAUER (44143_2082)
AJONCS, ,AV DES AJONCS (44109_0066),RUE DES AJONCS (44143_0050)
ANJOU, ,RUE D ANJOU (44109_0304),AV D ANJOU (44143_0155)
APPERT, ,RUE NICOLAS APPERT (44109_0340),RUE NICOLAS APPERT (44143_2697)
ARRIBAS, ,PROM JOSE ARRIBAS (44109_4557),BD JOSE ARRIBAS (44143_2004)
ARTS, ,CRS DES ARTS (44109_2245),RUE DES ARTS (44143_0200)
AVENIR, ,RUE DE L AVENIR (44109_0488),AV DE L AVENIR (44143_0224)
BALZAC, ,BD HONORE DE BALZAC (44109_4220),RUE HONORE DE BALZAC (44143_1769)
BARBARA, ,RUE BARBARA (44109_0530),RUE BARBARA (44143_0242)
BARBUSSE, ,QUAI HENRI BARBUSSE (44109_4106),RUE HENRI BARBUSSE (44143_1735) + SQ HENRI BARBUSSE (44143_1734)
BASTIE, ,IMP MARYSE BASTIE (44109_5455),AV MARYSE BASTIE (44143_2460)
BAUDELAI, ,RUE CHARLES BAUDELAIRE (44109_1684),ALL CHARLES BAUDELAIRE (44143_0660)
BELLAY, ,RUE JOACHIM DU BELLAY (44109_4536),ALL JOACHIM DU BELLAY (44143_2000)
BERNARD, ,PAS BERNARD (44109_0781),RUE BERNARD (44143_0360)
BERNARD, ,RUE BERNARD (44109_0772),RUE BERNARD (44143_0360)
BERNARDI, ,CHE DE LA BERNARDIERE (44109_0780),CHE DE LA BERNARDIERE (44143_0364) + RUE DE LA BERNARDIERE (44143_0365)
BERNARDI, ,IMP DE LA BERNARDIERE (44109_0785),CHE DE LA BERNARDIERE (44143_0364) + RUE DE LA BERNARDIERE (44143_0365)
BERNHARD, ,AV SARAH BERNHARDT (44109_7824),CRS SARAH BERNHARDT (44143_3379)
BLUM, ,RUE LEON BLUM (44109_4900),AV LEON BLUM (44143_2218)
BOIS, ,PL DU PETIT BOIS (44109_6416),CHE DU PETIT BOIS (44143_2940)
BONAMY, ,RUE FRANCOIS BONAMY (44109_3292),RUE FRANCOIS BONAMY (44143_1399)
BONNET, ,AV BONNET (44109_1028),RUE BONNET (44143_0435)
BOULEAUX, ,AV DES BOULEAUX (44109_1117),RUE DES BOULEAUX (44143_0465)
BRANDT, ,PONT WILLY BRANDT (44109_8583),AV WILLY BRANDT (44143_3750)
BRETAGNE, ,PL DE BRETAGNE (44109_1216),AV DE BRETAGNE (44143_0480)
BRETON, ,MAIL ANDRE BRETON (44109_0271),IMP ANDRE BRETON (44143_0148)
BRIAND, ,PL ARISTIDE BRIAND (44109_0360),PAS ARISTIDE BRIAND (44143_0161) + RUE ARISTIDE BRIAND (44143_0160)
BROGLIE, ,RUE LOUIS DE BROGLIE (44109_5078),RUE LOUIS DE BROGLIE (44143_2312)
BRUXELLE, ,RUE DE BRUXELLES (44109_1300),RUE DE BRUXELLES (44143_0524)
BRUYERES, ,RUE DES BRUYERES (44109_1288),RUE DES BRUYERES (44143_0523)
CADOIRE, ,RUE DE LA CADOIRE (44109_1331),RUE DE LA CADOIRE (44143_0535) + RPT DE LA CADOIRE (44143_0536)
CADOU, ,RUE RENE GUY CADOU (44109_7236),AV RENE GUY CADOU (44143_3240)
CAHOUR, ,SQ MARION CAHOUR (44109_5393),RUE MARION CAHOUR (44143_2447)
CAMELIAS, ,RUE DES CAMELIAS (44109_1374),AV DES CAMELIAS (44143_0550)
CAMUS, ,PLA ALBERT CAMUS (44109_0069),ALL ALBERT CAMUS (44143_0060)
CASSARD, ,ALL CASSARD (44109_1488),RUE CASSARD (44143_0590)
CASSIN, ,BD RENE CASSIN (44109_7226),RUE RENE CASSIN (44143_3237)
CENDRARS, ,RUE BLAISE CENDRARS (44109_0847),ALL BLAISE CENDRARS (44143_0390)
CEZANNE, ,AV PAUL CEZANNE (44109_6206),RUE PAUL CEZANNE (44143_2839)
CHAPLIN, ,AV CHARLIE CHAPLIN (44109_1754),PL CHARLIE CHAPLIN (44143_0702)
CHARMILL, ,RUE DES CHARMILLES (44109_1760),RUE DES CHARMILLES (44143_0705)
CHATAIGN, ,AV DE LA CHATAIGNERAIE (44109_1772),RUE DE LA CHATAIGNERAIE (44143_0714)
CHATEAU, ,RUE DU CHATEAU (44109_1784),RUE DU CHATEAU (44143_0721) + PL DU CHATEAU (44143_0720)
CHEREAU, ,SQ GABRIEL CHEREAU (44109_3406),RPT GABRIEL CHEREAU (44143_3212)
CHEVIRE, ,RUE CHEVIRE (44109_1876),CHEVIRE (44143_B037)
CLISSON, ,RTE DE CLISSON (44109_1972),ALL DE CLISSON (44143_0950)
CONDORCE, ,RUE CONDORCET (44109_2112),BD CONDORCET (44143_0995)
COTTAGES, ,AV DES COTTAGES (44109_2210),AV DES COTTAGES (44143_1005)
CUGNOT, ,RUE JOSEPH CUGNOT (44109_4573),RUE JOSEPH CUGNOT (44143_2008)
DEBUSSY, ,RUE CLAUDE DEBUSSY (44109_1936),RUE CLAUDE DEBUSSY (44143_0925)
DELAUNAY, ,ALL SONIA DELAUNAY (44109_2761),RUE SONIA DELAUNAY (44143_3434)
DOUILLAR, ,RUE JULIEN DOUILLARD (44109_4672),RUE JULIEN DOUILLARD (44143_2050)
DUMONT, ,RUE RENE DUMONT (44109_7819),RUE RENE DUMONT (44143_3247)
EBOUE, ,RUE FELIX EBOUE (44109_3060),RUE FELIX EBOUE (44143_1282)
EINSTEIN, ,BD ALBERT EINSTEIN (44109_0083),RUE ALBERT EINSTEIN (44143_0061)
ELDER, ,PL MARC ELDER (44109_5316),RUE MARC ELDER (44143_2378)
ELUARD, ,RUE PAUL ELUARD (44109_6226),ALL PAUL ELUARD (44143_2850)
ESPOIR, ,AV DE L ESPOIR (44109_2900),RUE DE L ESPOIR (44143_1215)
ETANG, ,RUE DE L ETANG (44109_2912),RUE DE L ETANG (44143_1220)
ETANG, ,RUIS DE L ETANG (44109_X019),RUE DE L ETANG (44143_1220)
EUROPE, ,BD DE L EUROPE (44109_2986),PL DE L EUROPE (44143_1254)
EUROPE, ,RUE DE L EUROPE (44109_2987),PL DE L EUROPE (44143_1254)
FAURE, ,RUE FELIX FAURE (44109_3062),RUE FELIX FAURE (44143_1290)
FORET, ,AV DE LA FORET (44109_3215),CHE DE LA FORET (44143_1341)
FORGES, ,RUE DES FORGES (44109_3220),RLE DES FORGES (44143_1350) + RUE DES FORGES (44143_1349)
FOUCAULT, ,RUE SIMEON FOUCAULT (44109_7908),AV SIMEON FOUCAULT (44143_3410) + RUE SIMEON FOUCAULT (44143_3420)
FRATERNI, ,BD DE LA FRATERNITE (44109_3340),SQ DE LA FRATERNITE (44143_1406)
FREINET, ,RUE CELESTIN FREINET (44109_1524),RUE CELESTIN FREINET (44143_0595)
FRENES, ,RUE DES FRENES (44109_3361),RUE DES FRENES (44143_1407)
GALILEE, ,RUE GALILEE (44109_3439),RUE GALILEE (44143_1481)
GENETS, ,RUE DES GENETS (44109_3632),RUE DES GENETS (44143_1550)
GLYCINES, ,CHE DES GLYCINES (44109_3757),RUE DES GLYCINES (44143_1625)
GOUGES, ,RUE OLYMPE DE GOUGES (44109_6027),RUE OLYMPE DE GOUGES (44143_2748)
GOUNOD, ,RUE CHARLES GOUNOD (44109_1704),RUE CHARLES GOUNOD (44143_0665)
GUERANDE, ,RUE DE GUERANDE (44109_3912),ALL DE GUERANDE (44143_1660)
GUILBAUD, ,CHE GUILBAUD (44109_3939),RUE GUILBAUD (44143_1670)
GUILBAUD, ,RUE GUILBAUD (44109_3941),RUE GUILBAUD (44143_1670)
HEMINGWA, ,AV ERNEST HEMINGWAY (44109_2882),RUE ERNEST HEMINGWAY (44143_1197)
HUGO, ,BD VICTOR HUGO (44109_8420),RUE VICTOR HUGO (44143_3690)
INDUSTRI, ,RUE DE L INDUSTRIE (44109_4280),RUE DE L INDUSTRIE (44143_1805)
IRIS, ,AV DES IRIS (44109_4353),ALL DES IRIS (44143_1820)
JAURES, ,RUE JEAN JAURES (44109_4476),RUE JEAN JAURES (44143_1940)
KING, ,BD MARTIN LUTHER KING (44109_5430),RUE MARTIN LUTHER KING (44143_2448)
LAMBERT, ,RUE LAMBERT (44109_4756),RUE LAMBERT (44143_2115)
LANDREAU, ,CHE DU HAUT LANDREAU (44109_4075),RUE DU HAUT LANDREAU (44143_1713)
LANDREAU, ,RUE DU BAS LANDREAU (44109_0576),RUE DU BAS LANDREAU (44143_0270)
LANGEVIN, ,BD PAUL LANGEVIN (44109_6244),AV PAUL LANGEVIN (44143_2860)
LAURENT, ,ALL YVES LAURENT (44109_8597),PROM YVES LAURENT (44143_3760)
LAURIERS, ,AV DES LAURIERS (44109_4824),ALL DES LAURIERS (44143_2150)
LAURIERS, ,PL DES LAURIERS (44109_4825),ALL DES LAURIERS (44143_2150)
LESAGE, ,RUE LESAGE (44109_4940),RUE LESAGE (44143_2240)
LILAS, ,AV DES LILAS (44109_4988),AV DES LILAS (44143_2280)
LOIRE, ,BD DE LA LOIRE (44109_5017),AV DE LA LOIRE (44143_2285)
LOIRE, ,RUE DE LA LOIRE (44109_5016),AV DE LA LOIRE (44143_2285)
LOTI, ,RUE PIERRE LOTI (44109_6612),AV PIERRE LOTI (44143_3032)
MALRAUX, ,RUE ANDRE MALRAUX (44109_0278),AV ANDRE MALRAUX (44143_0151)
MANNONI, ,ALL MAUD MANNONI (44109_5275),RUE MAUD MANNONI (44143_2468)
MARAICHE, ,RUE DES MARAICHERS (44109_5284),RUE DES MARAICHERS (44143_2377) + CLOS DES MARAICHERS (44143_A040)
MARTYRS, ,RUE DES MARTYRS (44109_5444),PL DES MARTYRS (44143_2450)
MATISSE, ,RUE HENRI MATISSE (44109_4151),ALL HENRI MATISSE (44143_1756)
MELIES, ,RUE GEORGES MELIES (44109_3680),AV GEORGES MELIES (44143_1610)
MERMOZ, ,AV JEAN MERMOZ (44109_4497),AV JEAN MERMOZ (44143_1970)
MICHEL, ,RUE LOUISE MICHEL (44109_5086),AV LOUISE MICHEL (44143_2323)
MONET, ,RUE CLAUDE MONET (44109_1946),RUE CLAUDE MONET (44143_0936)
MONNET, ,BD JEAN MONNET (44109_4501),BD JEAN MONNET (44143_1972)
MORINIER, ,RUE DE LA MORINIERE (44109_5815),IMP DE LA MORINIERE (44143_2615)
MOULIN, ,RUE DU MOULIN (44109_5820),PL DU MOULIN (44143_2620)
NOBEL, ,RUE ALFRED NOBEL (44109_0129),BD ALFRED NOBEL (44143_0091)
NOISETIE, ,IMP DES NOISETIERS (44109_5957),RUE DES NOISETIERS (44143_2699) + PL DES NOISETIERS (44143_2698)
OEILLETS, ,RUE DES OEILLETS (44109_6004),ALL DES OEILLETS (44143_2730)
ORIEUX, ,BD EUGENE ORIEUX (44109_2976),RUE EUGENE ORIEUX (44143_1251)
ORMES, ,RUE DES ORMES (44109_6065),RUE DES ORMES (44143_2768)
OUCHETTE, ,RUE DE L OUCHETTE (44109_6090),CHE DE L OUCHETTE (44143_2795)
OURSE, ,AV DE LA GRANDE OURSE (44109_3802),RUE DE LA GRANDE OURSE (44143_1631)
PAIX, ,AV DE LA PAIX (44109_6108),RUE DE LA PAIX (44143_2800)
PAIX, ,RUE DE LA PAIX (44109_6112),RUE DE LA PAIX (44143_2800)
PARKS, ,PL ROSA PARKS (44109_7462),RUE ROSA PARKS (44143_3309)
PARMENTI, ,IMP PARMENTIER (44109_6167),AV PARMENTIER (44143_2810)
PARMENTI, ,RUE PARMENTIER (44109_6156),AV PARMENTIER (44143_2810)
PASCAL, ,RUE BLAISE PASCAL (44109_0852),RUE BLAISE PASCAL (44143_0391)
PAUL, ,RUE MARCEL PAUL (44109_5324),AV MARCEL PAUL (44143_2373)
PERGAUD, ,RUE LOUIS PERGAUD (44109_5129),ALL LOUIS PERGAUD (44143_2310)
PERRIAND, ,PL CHARLOTTE PERRIAND (44109_1755),RUE CHARLOTTE PERRIAND (44143_0703)
PEUPLIER, ,ALL DES PEUPLIERS (44109_6549),RUE DES PEUPLIERS (44143_2975)
PICASSO, ,MAIL PABLO PICASSO (44109_6099),RUE PABLO PICASSO (44143_2798)
PLATANES, ,RUE DES PLATANES (44109_6680),IMP DES PLATANES (44143_3051) + AV DES PLATANES (44143_3050)
PORNIC, ,RUE DE PORNIC (44109_6788),RTE DE PORNIC (44143_3075)
PORNICHE, ,RUE DE PORNICHET (44109_6789),AV DE PORNICHET (44143_3076)
PORT, ,CHE DU PORT (44109_6792),RUE DU PORT (44143_3090) + PL DU PORT (44143_3080)
PREVERT, ,AV JACQUES PREVERT (44109_4322),RUE JACQUES PREVERT (44143_3128)
PRIMEVER, ,RUE DES PRIMEVERES (44109_7001),ALL DES PRIMEVERES (44143_3130)
PROGRES, ,RUE DU PROGRES (44109_7020),RUE DU PROGRES (44143_3138)
PROVENCE, ,RUE DE PROVENCE (44109_7036),ALL DE PROVENCE (44143_3140)
PYRENEES, ,AV DES PYRENEES (44109_7064),AV DES PYRENEES (44143_3160)
RAVEL, ,RUE MAURICE RAVEL (44109_5516),AV MAURICE RAVEL (44143_2505)
RIVAGE, ,ALL BEAU RIVAGE (44109_0658),BEAU RIVAGE (44143_B007)
ROCHE, ,CHE DE LA ROCHE (44109_7364),RUE DE LA ROCHE (44143_3284)
ROCHE, ,RUE DE LA ROCHE (44109_7454),RUE DE LA ROCHE (44143_3284)
ROCHERS, ,CHE DES ROCHERS (44109_7388),RUE DES ROCHERS (44143_3285)
ROLLAND, ,RUE ROMAIN ROLLAND (44109_7446),ALL ROMAIN ROLLAND (44143_3310)
ROQUIOS, ,RUE DES ROQUIOS (44109_7452),CHE DES ROQUIOS (44143_3315)
SALENGRO, ,PL ROGER SALENGRO (44109_7424),PL ROGER SALENGRO (44143_3290)
SATIE, ,IMP ERIK SATIE (44109_2874),RUE ERIK SATIE (44143_1194)
SAULES, ,AV DES SAULES (44109_7834),RUE DES SAULES (44143_3376)
SCHOELCH, ,PASS VICTOR SCHOELCHER (44109_8430),BD VICTOR SCHOELCHER (44143_3762)
SCHOELCH, ,RUE VICTOR SCHOELCHER (44109_8429),BD VICTOR SCHOELCHER (44143_3762)
SCHUMAN, ,BD ROBERT SCHUMAN (44109_7357),RUE ROBERT SCHUMAN (44143_3275)
SEVRE, ,LA SEVRE (44109_X011),LA SEVRE (44143_X002)
STENDHAL, ,RUE STENDHAL (44109_7969),ALL STENDHAL (44143_3450)
STRASBOU, ,RUE DE STRASBOURG (44109_7984),RUE DE STRASBOURG (44143_3454)
SURCOUF, ,RUE SURCOUF (44109_8004),QUAI SURCOUF (44143_3461)
TABARLY, ,PONT ERIC TABARLY (44109_2871),RUE ERIC TABARLY (44143_1193)
TABARLY, ,RUE ERIC TABARLY (44109_2870),RUE ERIC TABARLY (44143_1193)
TASSIGNY, ,RUE MAL DE LATTRE DE TASSIGNY (44109_5356),AV MAL DE LATTRE DE TASSIGNY (44143_2420)
TILLEULS, ,RUE DES TILLEULS (44109_8110),ALL DES TILLEULS (44143_3550)
TILLION, ,RUE GERMAINE TILLION (44109_3711),RUE GERMAINE TILLION (44143_1619)
TOURAINE, ,RUE DE TOURAINE (44109_8147),ALL DE TOURAINE (44143_3560)
TREILLES, ,CHE DES TREILLES (44109_8189),AV DES TREILLES (44143_3570)
TRIOLET, ,ALL ELSA TRIOLET (44109_2750),RUE ELSA TRIOLET (44143_1121)
TRISTAN, ,AV FLORA TRISTAN (44109_3167),RUE FLORA TRISTAN (44143_1322)
TROENES, ,AV DES TROENES (44109_8212),AV DES TROENES (44143_3600)
UTRILLO, ,AV MAURICE UTRILLO (44109_5532),RUE MAURICE UTRILLO (44143_2510)
VERNE, ,BD JULES VERNE (44109_4664),RUE JULES VERNE (44143_2072)
VERRERIE, ,RUE DE LA VERRERIE (44109_8356),RUE DE LA VERRERIE (44143_3660)
VICTOR, ,IMP PAUL EMILE VICTOR (44109_6230),RUE PAUL EMILE VICTOR (44143_2845)
VIERGE, ,IMP DE LA VIERGE (44109_8456),RUE DE LA VIERGE (44143_3700)
VIERGE, ,RUE DE LA VIERGE (44109_8460),RUE DE LA VIERGE (44143_3700)
VIOLETTE, ,CHE DES VIOLETTES (44109_8550),ALL DES VIOLETTES (44143_3710)
VIVALDI, ,CRS ANTONIO VIVALDI (44109_0337),ALL ANTONIO VIVALDI (44143_0158)
VIVIER, ,IMP DU VIVIER (44109_8560),RUE DU VIVIER (44143_3730)
WEISS, ,RUE LOUISE WEISS (44109_5090),RUE LOUISE WEISS (44143_2324)
YOURCENA, ,RUE MARGUERITE YOURCENAR (44109_5388),RUE MARGUERITE YOURCENAR (44143_2443)
ZOLA, ,IMP EMILE ZOLA (44109_2804),RUE EMILE ZOLA (44143_1160)
ZOLA, ,PL EMILE ZOLA (44109_2808),RUE EMILE ZOLA (44143_1160)
CHEVIRE,0,CHEVIRE (44109_B044),CHEVIRE (44143_B037)
