mot_commun,ld,nom,homonymes
ABEILLES, ,IMP DES ABEILLES (44026_2001),ALL DES ABEILLES (44109_0025)
ADRIATIQ, ,PL DE L ADRIATIQUE (44026_2005),RUE DE L ADRIATIQUE (44109_0035)
AIR, ,AV DE BEL AIR (44026_2119),RUE DE BEL AIR (44109_0684)
AIR, ,RUE DE BEL AIR (44026_2120),RUE DE BEL AIR (44109_0684)
AJONCS, ,IMP DES AJONCS (44026_2041),AV DES AJONCS (44109_0066)
ALIZES, ,IMP DES ALIZES (44026_2018),ALL DES ALIZES (44109_0151)
AMANDIER, ,RUE DES AMANDIERS (44026_2020),AV DES AMANDIERS (44109_0222)
AMPERE, ,BD AMPERE (44026_2025),RUE AMPERE (44109_0244)
ANDRE, ,RUE SAINT ANDRE (44026_3493),IMP SAINT ANDRE (44109_7537)
ANGLAIS, ,CHE DES ANGLAIS (44026_2048),BD DES ANGLAIS (44109_0288)
ANTARES, ,RUE ANTARES (44026_2055),AV ANTARES (44109_0314)
ANTARES, ,ZONE ANTARES (44026_A010),AV ANTARES (44109_0314)
ANTILLES, ,RUE DES ANTILLES (44026_2056),QUAI DES ANTILLES (44109_0341) + BD DES ANTILLES (44109_0318)
ARC, ,RUE JEANNE D ARC (44026_2889),RUE JEANNE D ARC (44109_4500)
ARIANE, ,PAS ARIANE (44026_2060),AV ARIANE (44109_0357)
ARTEMIS, ,RUE ARTEMIS (44026_2074),AV ARTEMIS (44109_0398)
ARTISANS, ,RUE DES ARTISANS (44026_2088),RUE DES ARTISANS (44109_0412)
ATLANTIQ, ,RUE DE L ATLANTIQUE (44026_2090),RUE DE L ATLANTIQUE (44109_0426)
AUTOROUT, ,AUTOROUTE 11 (44026_3772),RTE AUTOROUTE 11 (44109_X025)
BART, ,AV JEAN BART (44026_2873),ALL JEAN BART (44109_4412)
BATELIER, ,RUE DES BATELIERS (44026_2094),CHE DES BATELIERS (44109_0618)
BECQUERE, ,IMP HENRI BECQUEREL (44026_2793),RUE HENRI BECQUEREL (44109_4105)
BEETHOVE, ,RUE BEETHOVEN (44026_2112),RUE BEETHOVEN (44109_0676)
BELE, ,CHE DU BELE (44026_2128),RUE DU BELE (44109_0700)
BERNARDI, ,IMP DE LA BERNARDIERE (44026_2135),IMP DE LA BERNARDIERE (44109_0785) + CHE DE LA BERNARDIERE (44109_0780)
BICHES, ,RUE DES BICHES (44026_2139),AV DES BICHES (44109_0822)
BOIS, ,AV DU BOIS (44026_2153),RUE DU BOIS (44109_0929)
BOISBONN, ,CHE DE BOISBONNE (44026_2161),RUE DE BOISBONNE (44109_0924)
BOSSELLE, ,IMP DES BOSSELLES (44026_2187),RUE DES BOSSELLES (44109_1054)
BOULEAUX, ,IMP DES BOULEAUX (44026_2202),AV DES BOULEAUX (44109_1117)
BRETAGNE, ,RUE DE LA GRANDE BRETAGNE (44026_2740),RUE DE LA GRANDE BRETAGNE (44109_3797)
BRIAND, ,PL ARISTIDE BRIAND (44026_2064),PL ARISTIDE BRIAND (44109_0360)
CALMETTE, ,IMP ALBERT CALMETTE (44026_2008),RUE ALBERT CALMETTE (44109_0074)
CARQUEFO, ,RTE DE CARQUEFOU (44026_2250),RTE DE CARQUEFOU (44109_1452)
CHAPELLE, ,RTE DE LA CHAPELLE (44026_2300),PL DE LA CHAPELLE (44109_1656)
CHATAIGN, ,AV DES CHATAIGNIERS (44026_2314),RUE DES CHATAIGNIERS (44109_1778)
CHATAIGN, ,RTE DE LA CHATAIGNERAIE (44026_2306),AV DE LA CHATAIGNERAIE (44109_1772)
CHATEAU, ,CHE DU CHATEAU (44026_2322),RUE DU CHATEAU (44109_1784)
CLEMENCE, ,RUE GEORGES CLEMENCEAU (44026_2696),RUE GEORGES CLEMENCEAU (44109_3664)
CLIO, ,AV CLIO (44026_2419),AV CLIO (44109_1970)
CORDELIE, ,RUE DES CORDELIERS (44026_2435),RUE DES CORDELIERS (44109_2160)
CORINTHE, ,RUE DE CORINTHE (44026_2436),AV DE CORINTHE (44109_2174)
CORMIER, ,CHE DE L OUCHE CORMIER (44026_3163),RUE DE L OUCHE CORMIER (44109_6076)
COULEE, ,CHE DE LA COULEE (44026_2440),RUE DE LA COULEE (44109_2236)
CUGNOT, ,RUE JOSEPH CUGNOT (44026_2907),RUE JOSEPH CUGNOT (44109_4573)
DAHLIAS, ,RUE DES DAHLIAS (44026_2467),RUE DES DAHLIAS (44109_2364)
DANEMARK, ,RUE DU DANEMARK (44026_2484),RUE DU DANEMARK (44109_2370)
DAUDET, ,ALL ALPHONSE DAUDET (44026_2019),RUE ALPHONSE DAUDET (44109_0188)
DION, ,RUE DU MARQUIS DE DION (44026_3060),RUE DU MARQUIS DE DION (44109_5412)
DISTILLE, ,PL DE LA DISTILLERIE (44026_2508),RUE DE LA DISTILLERIE (44109_2484)
DUMONT, ,IMP SANTOS DUMONT (44026_3549),RUE SANTOS DUMONT (44109_7817)
DUQUESNE, ,SQ DUQUESNE (44026_2532),ALL DUQUESNE (44109_2644)
ERABLES, ,IMP DES ERABLES (44026_2582),PL DES ERABLES (44109_2861)
EUROPE, ,RUE DE L EUROPE (44026_2596),RUE DE L EUROPE (44109_2987) + BD DE L EUROPE (44109_2986)
EUROPEEN, ,BD DES EUROPEENS (44026_2598),BD DES EUROPEENS (44109_2985)
EXUPERY, ,RUE ANTOINE DE ST EXUPERY (44026_2058),RUE ANTOINE DE ST EXUPERY (44109_0320)
FAIENCER, ,PL DE LA FAIENCERIE (44026_2612),RUE DE LA FAIENCERIE (44109_3008)
FAUVETTE, ,AV DES FAUVETTES (44026_2620),VEN DES FAUVETTES (44109_3039)
FONDERIE, ,RUE DE LA FONDERIE (44026_2644),RUE DE LA FONDERIE (44109_3183)
FONTAINE, ,CHE DE LA FONTAINE (44026_2646),CHE DE LA FONTAINE (44109_3188)
FRANCE, ,RUE PIERRE MENDES FRANCE (44026_3354),PL PIERRE MENDES FRANCE (44109_6614)
FRENES, ,AV DES FRENES (44026_2668),RUE DES FRENES (44109_3361)
FRESNEL, ,RUE AUGUSTIN FRESNEL (44026_2669),RUE AUGUSTIN FRESNEL (44109_0459)
GALILEE, ,RUE GALILEE (44026_2671),RUE GALILEE (44109_3439)
GARDE, ,RUE DU MOULIN DE LA GARDE (44026_3188),RUE DU MOULIN DE LA GARDE (44109_5830)
GOELANDS, ,IMP DES GOELANDS (44026_2716),AV DES GOELANDS (44109_3761)
GUADELOU, ,RUE DE LA GUADELOUPE (44026_2764),ALL DE LA GUADELOUPE (44109_3897)
HALLES, ,RUE DES HALLES (44026_2782),RUE DES HALLES (44109_4020)
HARROUYS, ,RUE HARROUYS (44026_2788),RUE HARROUYS (44109_4036) + IMP HARROUYS (44109_4032)
HIRONDEL, ,RUE DES HIRONDELLES (44026_2817),VEN DES HIRONDELLES (44109_4205)
HUGO, ,RUE VICTOR HUGO (44026_3752),BD VICTOR HUGO (44109_8420)
IRIS, ,RUE DES IRIS (44026_2849),AV DES IRIS (44109_4353)
JEAN, ,RUE JEAN XXIII (44026_2897),BD JEAN XXIII (44109_4498)
JONQUILL, ,RUE DES JONQUILLES (44026_2905),AV DES JONQUILLES (44109_4556)
JUNON, ,RUE JUNON (44026_2935),RUE JUNON (44109_4685)
LANDES, ,CHE DES LANDES (44026_2945),RUE DES LANDES (44109_4771)
LILAS, ,RUE DES LILAS (44026_2971),AV DES LILAS (44109_4988)
LOIRE, ,AV DE LA LOIRE (44026_2972),BD DE LA LOIRE (44109_5017) + RUE DE LA LOIRE (44109_5016)
LOUIS, ,RUE SAINT LOUIS (44026_3501),RUE SAINT LOUIS (44109_7677) + QUAI SAINT LOUIS (44109_7676)
MAGNOLIA, ,IMP DES MAGNOLIAS (44026_3005),AV DES MAGNOLIAS (44109_5205)
MAINGUAI, ,RUE DE LA MAINGUAIS (44026_3011),CHE DE LA MAINGUAIS (44109_5216)
MAINGUAI, ,MAIL DE LA MAINGUAIS (44026_3008),CHE DE LA MAINGUAIS (44109_5216)
MANOEUVR, ,CHE DU CHAMP DE MANOEUVRE (44026_2282),CHE DU CHAMP DE MANOEUVRE (44109_1575)
MARAICHE, ,IMP DES MARAICHERS (44026_3020),RUE DES MARAICHERS (44109_5284)
MARAIS, ,CHE DU MARAIS (44026_3035),RUE DU MARAIS (44109_5296)
MARAIS, ,IMP DU MARAIS (44026_3036),RUE DU MARAIS (44109_5296)
MARTINIQ, ,RUE DE LA MARTINIQUE (44026_3084),ALL DE LA MARTINIQUE (44109_5434)
MERMOZ, ,RUE JEAN MERMOZ (44026_2884),AV JEAN MERMOZ (44109_4497)
MIMOSAS, ,RUE DES MIMOSAS (44026_3148),AV DES MIMOSAS (44109_5662)
MISTRAL, ,ALL FREDERIC MISTRAL (44026_2663),RUE FREDERIC MISTRAL (44109_3350)
MOLIERE, ,ALL MOLIERE (44026_3158),RUE MOLIERE (44109_5704)
MOULIN, ,CHE DU MOULIN (44026_3180),RUE DU MOULIN (44109_5820)
MOULIN, ,RUE JEAN MOULIN (44026_2885),BD JEAN MOULIN (44109_4503)
MOZART, ,RUE MOZART (44026_3196),AV MOZART (44109_5876)
MUGUET, ,RUE DU MUGUET (44026_3204),AV DU MUGUET (44109_5877)
MUSES, ,AV DES MUSES (44026_3212),ALL DES MUSES (44109_5883)
NOISETIE, ,IMP DES NOISETIERS (44026_3279),IMP DES NOISETIERS (44109_5957)
NYMPHEAS, ,IMP DES NYMPHEAS (44026_3262),IMP DES NYMPHEAS (44109_5993)
OR, ,IMP DES BOUTONS D OR (44026_2210),IMP DES BOUTONS D OR (44109_1183)
OUCHETTE, ,CHEM DE L OUCHETTE (44026_3278),RUE DE L OUCHETTE (44109_6090)
PAIX, ,RUE DE LA PAIX (44026_3282),RUE DE LA PAIX (44109_6112) + AV DE LA PAIX (44109_6108)
PAPIN, ,IMP DENIS PAPIN (44026_2498),RUE DENIS PAPIN (44109_2408)
PARIS, ,AV DE PARIS (44026_3302),RPT DE PARIS (44109_6387) + RTE DE PARIS (44109_6152)
PARIS, ,RTE DE PARIS (44026_3303),RPT DE PARIS (44109_6387) + RTE DE PARIS (44109_6152)
PENSEES, ,RUE DES PENSEES (44026_3311),ALL DES PENSEES (44109_6323)
PEPINIER, ,RUE DE LA PEPINIERE (44026_3314),AV DE LA PEPINIERE (44109_6326)
PEUPLIER, ,ALL DES PEUPLIERS (44026_3340),ALL DES PEUPLIERS (44109_6549)
PINSONS, ,SQ DES PINSONS (44026_3367),ALL DES PINSONS (44109_6651)
POMPIDOU, ,RUE GEORGES POMPIDOU (44026_2697),BD GEORGES POMPIDOU (44109_3694)
PRES, ,IMP DES PRES (44026_3777),RUE DES PRES (44109_6952)
PRIMEVER, ,RUE DES PRIMEVERES (44026_3399),RUE DES PRIMEVERES (44109_7001)
RACINE, ,ALL RACINE (44026_3417),RUE RACINE (44109_7100)
REGATIER, ,RUE DES REGATIERS (44026_3425),IMP DES REGATIERS (44109_7173)
RENARDS, ,IMP DES RENARDS (44026_3433),RUE DES RENARDS (44109_7215)
RHONE, ,RUE DU RHONE (44026_3442),RUE DU RHONE (44109_7294)
RIVIERES, ,CHS DES RIVIERES (44026_3453),IMP DES RIVIERES (44109_7352) + CHE DES RIVIERES (44109_7348)
ROMARINS, ,RUE DES ROMARINS (44026_3465),ALL DES ROMARINS (44109_7445)
ROSES, ,RUE DES ROSES (44026_3469),RUE DES ROSES (44109_7464) + AV DES ROSES (44109_7463)
ROSSIGNO, ,RUE DES ROSSIGNOLS (44026_3477),SQ DES ROSSIGNOLS (44109_7486)
RUISSEAU, ,IMP DU RUISSEAU (44026_3488),AV DU RUISSEAU (44109_7512)
RUISSEAU, ,CHE DU RUISSEAU (44026_3489),AV DU RUISSEAU (44109_7512)
SALLE, ,RUE DE LA SALLE (44026_3547),RUE DE LA SALLE (44109_7783)
SAND, ,IMP GEORGE SAND (44026_2695),RUE GEORGE SAND (44109_3652)
SAULES, ,IMP DES SAULES (44026_3565),AV DES SAULES (44109_7834)
SAVAUDIE, ,CHE DE LA SAVAUDIERE (44026_3573),RUE DE LA SAVAUDIERE (44109_7845)
SAVAUDIE, ,RPT DE LA SAVAUDIERE (44026_3785),RUE DE LA SAVAUDIERE (44109_7845)
SPARTE, ,RUE DE SPARTE (44026_3580),AV DE SPARTE (44109_7961)
STADE, ,RUE DU STADE (44026_3591),IMP DU STADE (44109_7967)
STADE, ,IMP DU STADE (44026_3578),IMP DU STADE (44109_7967)
TAMISE, ,RUE DE LA TAMISE (44026_3587),AV DE LA TAMISE (44109_8035)
TERTRE, ,IMP DU TERTRE (44026_3597),BD DU TERTRE (44109_8064)
TERTRE, ,RUE DU TERTRE (44026_3598),BD DU TERTRE (44109_8064)
TILLEULS, ,SQ DES TILLEULS (44026_3608),RUE DES TILLEULS (44109_8110)
TONNELIE, ,AV DES TONNELIERS (44026_3630),PL DES TONNELIERS (44109_8127)
TOURVILL, ,SQ DE TOURVILLE (44026_3646),QUAI DE TOURVILLE (44109_8161)
TULIPES, ,RUE DES TULIPES (44026_3654),RUE DES TULIPES (44109_8250)
VERNE, ,RUE JULES VERNE (44026_2921),BD JULES VERNE (44109_4664)
VERRERIE, ,AV DE LA VERRERIE (44026_3711),RUE DE LA VERRERIE (44109_8356)
VERT, ,BD DU CHENE VERT (44026_2347),RUE DU CHENE VERT (44109_1837)
VIOLETTE, ,RUE DES VIOLETTES (44026_3751),CHE DES VIOLETTES (44109_8550)
BRUYERES,0,LES BRUYERES (44026_B128),LES BRUYERES (44109_B032)
CHENAIE,0,LA CHENAIE (44026_B205),LA CHENAIE (44109_B042)
COURONNE,0,LA COURONNERIE (44026_B270),LA COURONNERIE (44109_B065)
COURTES,0,LES COURTES (44026_B273),RUE LES COURTES (44109_2262) + LES COURTES (44109_B066)
GACHET,0,GACHET (44026_B368),GACHET (44109_B075)
LANDES,0,LA PIECE DES LANDES (44026_C045),LA PIECE DES LANDES (44109_B148)
NEUVE,0,LA MAISON NEUVE (44026_B603),LA MAISON NEUVE (44109_B111)
RIVIERE,0,LA RIVIERE (44026_C425),LA RIVIERE (44109_B165)
