mot_commun,ld,nom,homonymes
ACACIAS, ,AV DES ACACIAS (44172_2010),ALL DES ACACIAS (44204_0004)
BARRE, ,CHE DE LA BARRE (44172_3786),RTE DE LA BARRE (44204_0003)
BELLEVUE, ,PROM DE BELLEVUE (44172_2170),RUE DE BELLEVUE (44204_0009)
BOUCANIE, ,ALL DES BOUCANIERS (44172_2210),RUE DES BOUCANIERS (44204_0601)
BOULEAUX, ,ALL DES BOULEAUX (44172_2230),RUE DES BOULEAUX (44204_0013)
BOUVREUI, ,ALL DES BOUVREUILS (44172_2260),IMP DES BOUVREUILS (44204_0039)
BRUXELLE, ,RUE DE BRUXELLES (44172_2212),RUE DE BRUXELLES (44204_0613)
CAMELIAS, ,AV DES CAMELIAS (44172_2310),RUE DES CAMELIAS (44204_0250)
CAMPANUL, ,ALL DES CAMPANULES (44172_2215),IMP DES CAMPANULES (44204_0725)
CARTIER, ,RUE JACQUES CARTIER (44172_2848),RUE JACQUES CARTIER (44204_0055)
CEDRES, ,AV DES CEDRES (44172_2370),RUE DES CEDRES (44204_0726)
CHATAIGN, ,RUE DE LA CHATAIGNERAIE (44172_2410),AV DE LA CHATAIGNERAIE (44204_0042)
COLOMB, ,IMP CHRISTOPHE COLOMB (44172_2436),RUE CHRISTOPHE COLOMB (44204_0033)
CYTISES, ,RUE DES CYTISES (44172_2619),RUE DES CYTISES (44204_0049)
ECOLES, ,PAS DES ECOLES (44172_2580),RUE DES ECOLES (44204_0060)
ERABLES, ,RUE DES ERABLES (44172_2615),RUE DES ERABLES (44204_0729)
ETANGS, ,ALL DES ETANGS (44172_2617),RUE DES ETANGS (44204_0722)
FREGATE, ,AV DE LA FREGATE (44172_2670),RUE DE LA FREGATE (44204_0720)
GAMA, ,RUE VASCO DE GAMA (44172_3760),RUE VASCO DE GAMA (44204_0180)
GAUGUIN, ,RUE PAUL GAUGUIN (44172_3355),PROM PAUL GAUGUIN (44204_0400)
GENETS, ,RUE DES GENETS (44172_2740),AV DES GENETS (44204_0063)
GRILLE, ,IMP DE LA GRILLE (44172_2760),CHE DE LA GRILLE (44204_0606)
GUTENBER, ,RUE GUTENBERG (44172_2782),RUE GUTENBERG (44204_2787)
LILAS, ,RUE DES LILAS (44172_3020),AV DES LILAS (44204_0070)
MAGNOLIA, ,RUE DES MAGNOLIAS (44172_3095),MAIL DES MAGNOLIAS (44204_0350)
MALVILLE, ,IMP DU RUISSEAU DE MALVILLE (44172_0610),IMP DU RUISSEAU DE MALVILLE (44204_0607)
MONET, ,RUE CLAUDE MONET (44172_2455),ALL CLAUDE MONET (44204_0270)
MOUETTES, ,RUE DES MOUETTES (44172_3205),RUE DES MOUETTES (44204_0082)
MOZART, ,RUE MOZART (44172_3322),AV MOZART (44204_0085)
PARIS, ,RTE DE PARIS (44172_3310),RTE DE PARIS (44204_0731)
PEUPLIER, ,ALL DES PEUPLIERS (44172_3441),AV DES PEUPLIERS (44204_0099)
PRIMEVER, ,RUE DES PRIMEVERES (44172_3545),IMP DES PRIMEVERES (44204_0104)
RENOIR, ,RUE AUGUSTE RENOIR (44172_2105),RUE AUGUSTE RENOIR (44204_0200)
ROITELET, ,RUE DES ROITELETS (44172_3605),IMP DES ROITELETS (44204_0126)
ROSES, ,RUE DES ROSES (44172_3621),AV DES ROSES (44204_0112)
SAULES, ,AV DES SAULES (44172_3670),RUE DES SAULES (44204_0124)
SCHUMAN, ,PL ROBERT SCHUMAN (44172_3666),RPT ROBERT SCHUMAN (44204_0716)
TULIPES, ,ALL DES TULIPES (44172_3745),AV DES TULIPES (44204_0117)
VIOLETTE, ,RUE DES VIOLETTES (44172_3780),RUE DES VIOLETTES (44204_0719)
