mot_commun,ld,nom,homonymes
ACACIAS, ,RUE DES ACACIAS (44020_0040),AV DES ACACIAS (44109_0028)
ACACIAS, ,AV DES ACACIAS (44020_0020),AV DES ACACIAS (44109_0028)
ADER, ,RUE CLEMENT ADER (44020_1130),RUE CLEMENT ADER (44109_1960)
AJONCS, ,CHE DES AJONCS (44020_0080),AV DES AJONCS (44109_0066)
ALLENDE, ,RUE SALVADOR ALLENDE (44020_3085),BD SALVADOR ALLENDE (44109_7803)
APPERT, ,RUE NICOLAS APPERT (44020_2350),RUE NICOLAS APPERT (44109_0340)
ARGENT, ,CHE DU PUITS D ARGENT (44020_2863),RUE DU PUITS D ARGENT (44109_7052)
AUBEPINE, ,IMP DES AUBEPINES (44020_0115),IMP DES AUBEPINES (44109_0427)
BASTIE, ,RUE MARYSE BASTIE (44020_2100),IMP MARYSE BASTIE (44109_5455)
BASTILLE, ,RUE DE LA BASTILLE (44020_0280),RUE DE LA BASTILLE (44109_0616)
BASTILLE, ,PL DE LA BASTILLE (44020_0300),RUE DE LA BASTILLE (44109_0616)
BECKER, ,CHE JACQUES BECKER (44020_1838),RUE JACQUES BECKER (44109_4300)
BERTREUX, ,RUE EDMOND BERTREUX (44020_1438),RUE EDMOND BERTREUX (44109_2714)
BLERIOT, ,AV LOUIS BLERIOT (44020_2020),RUE LOUIS BLERIOT (44109_5068)
BLUM, ,SQ LEON BLUM (44020_1988),RUE LEON BLUM (44109_4900)
BLUM, ,RUE LEON BLUM (44020_1987),RUE LEON BLUM (44109_4900)
BOISSELE, ,IMP DE LA BOISSELEE (44020_0579),RUE DE LA BOISSELEE (44109_0925)
BOISSELE, ,PL DE LA BOISSELEE (44020_0578),RUE DE LA BOISSELEE (44109_0925)
BOTTY, ,RUE DE L ILE BOTTY (44020_1827),RUE DE L ILE BOTTY (44109_4267)
BOUCHER, ,RUE HELENE BOUCHER (44020_1800),RUE HELENE BOUCHER (44109_4100)
BRASSENS, ,RUE GEORGES BRASSENS (44020_1638),AV GEORGES BRASSENS (44109_3656)
BRASSENS, ,PL GEORGES BRASSENS (44020_1639),AV GEORGES BRASSENS (44109_3656)
BREL, ,RUE JACQUES BREL (44020_1833),AV JACQUES BREL (44109_4299)
BREL, ,CHE JACQUES BREL (44020_1834),AV JACQUES BREL (44109_4299)
BRETONNI, ,CHE DE LA BRETONNIERE (44020_0720),CHE DE LA BRETONNIERE (44109_1224) + RUIS DE LA BRETONNIERE (44109_X018)
BRIAND, ,RUE ARISTIDE BRIAND (44020_0100),PL ARISTIDE BRIAND (44109_0360)
BRUNELLI, ,RUE CHARLES BRUNELLIERE (44020_0989),RUE CHARLES BRUNELLIERE (44109_1688)
CADOIRE, ,RUE DE LA CADOIRE (44020_0800),RUE DE LA CADOIRE (44109_1331)
CADOU, ,PL RENE GUY CADOU (44020_2937),RUE RENE GUY CADOU (44109_7236)
CADOU, ,RUE RENE GUY CADOU (44020_2938),RUE RENE GUY CADOU (44109_7236)
CALVAIRE, ,CHE DU CALVAIRE (44020_0828),RUE DU CALVAIRE (44109_1352)
CAMELIAS, ,AV DES CAMELIAS (44020_0831),RUE DES CAMELIAS (44109_1374)
CAMELIAS, ,ALL DES CAMELIAS (44020_0830),RUE DES CAMELIAS (44109_1374)
CAMUS, ,CHE ALBERT CAMUS (44020_0082),PLA ALBERT CAMUS (44109_0069)
CHAPELLE, ,RUE DE LA CHAPELLE (44020_0980),PL DE LA CHAPELLE (44109_1656)
CHAPLIN, ,RUE CHARLIE CHAPLIN (44020_0997),AV CHARLIE CHAPLIN (44109_1754)
CHATAIGN, ,CHE DE LA CHATAIGNERAIE (44020_1000),AV DE LA CHATAIGNERAIE (44109_1772)
CLEMENCE, ,RUE GEORGES CLEMENCEAU (44020_1640),RUE GEORGES CLEMENCEAU (44109_3664)
COMMERCE, ,AV DU COMMERCE (44020_1220),PL DU COMMERCE (44109_2092) + PAS DU COMMERCE (44109_2089)
CONVENTI, ,AV DE LA CONVENTION (44020_1260),RUE DE LA CONVENTION (44109_2132)
CONVENTI, ,RUE DE LA CONVENTION (44020_1240),RUE DE LA CONVENTION (44109_2132)
COUDRAY, ,RUE DU COUDRAY (44020_1300),RUE DU COUDRAY (44109_2224)
DEZAUNAY, ,VEN EMILE DEZAUNAY (44020_1450),RUE EMILE DEZAUNAY (44109_2777)
DUNANT, ,RUE HENRI DUNANT (44020_1830),IMP HENRI DUNANT (44109_4129) + BD HENRI DUNANT (44109_4128)
ECOLES, ,CHE DES ECOLES (44020_1419),PAS DES ECOLES (44109_2737)
ECOLES, ,RUE DES ECOLES (44020_1420),PAS DES ECOLES (44109_2737)
EINSTEIN, ,RUE ALBERT EINSTEIN (44020_0083),BD ALBERT EINSTEIN (44109_0083)
ELUARD, ,CHE PAUL ELUARD (44020_2586),RUE PAUL ELUARD (44109_6226)
ETANG, ,RUE DE L ETANG (44020_1475),RUE DE L ETANG (44109_2912) + RUIS DE L ETANG (44109_X019)
ETIER, ,IMP DE L ETIER (44020_1480),RUE DE L ETIER (44109_2945)
FERRY, ,RUE JULES FERRY (44020_1871),RUE JULES FERRY (44109_4624)
FOGG, ,RUE PHILEAS FOGG (44020_2682),RUE PHILEAS FOGG (44109_6550)
FORET, ,AV DE LA FORET (44020_1500),AV DE LA FORET (44109_3215)
FORET, ,CHE DE LA FORET (44020_1502),AV DE LA FORET (44109_3215)
FORGE, ,CHE DE LA FORGE (44020_1540),RLE DE LA FORGE (44109_3224)
FORGE, ,COUR DE LA FORGE (44020_1520),RLE DE LA FORGE (44109_3224)
FOURNY, ,RUE ALEXANDRE FOURNY (44020_0085),RUE ALEXANDRE FOURNY (44109_0092)
FRACHON, ,SQ BENOIT FRACHON (44020_0525),BD BENOIT FRACHON (44109_0746)
FRACHON, ,RUE BENOIT FRACHON (44020_0524),BD BENOIT FRACHON (44109_0746)
FRANCE, ,RUE PIERRE MENDES FRANCE (44020_2748),PL PIERRE MENDES FRANCE (44109_6614)
FREINET, ,RUE CELESTIN FREINET (44020_0875),RUE CELESTIN FREINET (44109_1524)
FREINET, ,PAS CELESTIN FREINET (44020_0873),RUE CELESTIN FREINET (44109_1524)
FREINET, ,IMP CELESTIN FREINET (44020_0872),RUE CELESTIN FREINET (44109_1524)
GALILEE, ,RUE GALILEE (44020_1581),RUE GALILEE (44109_3439)
GANCE, ,IMP ABEL GANCE (44020_0010),AV ABEL GANCE (44109_0026)
GAUDINIE, ,CHE DE LA GAUDINIERE (44020_1590),RUE DE LA GAUDINIERE (44109_3526) + RUIS DE LA GAUDINIERE (44109_X016)
GAUGUIN, ,RUE PAUL GAUGUIN (44020_2746),RUE PAUL GAUGUIN (44109_6236)
GENETS, ,RUE DES GENETS (44020_1622),RUE DES GENETS (44109_3632)
GILARDER, ,RUE DE LA GILARDERIE (44020_1680),RUE DE LA GILARDERIE (44109_3730)
GODEAU, ,AV ANNE CLAUDE GODEAU (44020_0090),RUE ANNE CLAUDE GODEAU (44109_0306)
GUYNEMER, ,RUE GEORGES GUYNEMER (44020_1660),RUE GEORGES GUYNEMER (44109_3672)
HORNIERS, ,RUE DES CAP HORNIERS (44020_0840),RUE DES CAP HORNIERS (44109_1396)
HUGO, ,RUE VICTOR HUGO (44020_3340),BD VICTOR HUGO (44109_8420)
JAURES, ,RUE JEAN JAURES (44020_1850),RUE JEAN JAURES (44109_4476)
JONQUILL, ,AV DES JONQUILLES (44020_1870),AV DES JONQUILLES (44109_4556)
JOST, ,RUE LEON JOST (44020_1990),RUE LEON JOST (44109_4912)
KING, ,RUE MARTIN LUTHER KING (44020_2095),BD MARTIN LUTHER KING (44109_5430)
LABOUREU, ,RUE JEAN EMILE LABOUREUR (44020_1848),RUE JEAN EMILE LABOUREUR (44109_4452)
LANDES, ,CHE DES LANDES (44020_1920),RUE DES LANDES (44109_4771)
LANDES, ,RUE DES LANDES (44020_1940),RUE DES LANDES (44109_4771)
LAURIERS, ,AV DES LAURIERS (44020_1982),PL DES LAURIERS (44109_4825) + AV DES LAURIERS (44109_4824)
LEBESQUE, ,RUE MORVAN LEBESQUE (44020_2190),RUE MORVAN LEBESQUE (44109_5817)
LOIRE, ,RUE DE LA LOIRE (44020_2000),BD DE LA LOIRE (44109_5017) + RUE DE LA LOIRE (44109_5016)
MAUFRA, ,SQ MAXIME MAUFRA (44020_2128),RUE MAXIME MAUFRA (44109_5544)
MAURIAC, ,RUE FRANCOIS MAURIAC (44020_1562),RUE FRANCOIS MAURIAC (44109_3314)
MERMOZ, ,RUE JEAN MERMOZ (44020_1860),AV JEAN MERMOZ (44109_4497)
MICHEL, ,RUE LOUISE MICHEL (44020_2025),RUE LOUISE MICHEL (44109_5086)
MISTRAL, ,RUE FREDERIC MISTRAL (44020_1563),RUE FREDERIC MISTRAL (44109_3350)
MISTRAL, ,CHE FREDERIC MISTRAL (44020_1564),RUE FREDERIC MISTRAL (44109_3350)
MONTAGNE, ,RTE DE LA MONTAGNE (44020_2160),RUE DE LA MONTAGNE (44109_5740)
MORANE, ,AV MORANE (44020_2180),IMP MORANE (44109_5805)
MOUCHOTT, ,RUE RENE MOUCHOTTE (44020_2939),RUE RENE MOUCHOTTE (44109_7240)
MOULIN, ,RUE JEAN MOULIN (44020_1865),BD JEAN MOULIN (44109_4503)
MOULIN, ,RUE DU MOULIN (44020_2220),RUE DU MOULIN (44109_5820)
MOUTONS, ,RUE DE L ILE AUX MOUTONS (44020_1829),RUE DE L ILE AUX MOUTONS (44109_4273)
MUSSE, ,RUE DE LA MUSSE (44020_2300),CHE DE LA MUSSE (44109_5885)
NAUTILUS, ,ALL DU NAUTILUS (44020_2323),ALL DU NAUTILUS (44109_5910)
NEPTUNE, ,AV NEPTUNE (44020_2325),PRV NEPTUNE (44109_5914)
OUCHETTE, ,CHE DE L OUCHETTE (44020_2410),RUE DE L OUCHETTE (44109_6090)
OURSE, ,RUE DE LA GRANDE OURSE (44020_1741),AV DE LA GRANDE OURSE (44109_3802)
PAIX, ,IMP DE LA PAIX (44020_2480),RUE DE LA PAIX (44109_6112) + AV DE LA PAIX (44109_6108)
PAIX, ,PAS DE LA PAIX (44020_2461),RUE DE LA PAIX (44109_6112) + AV DE LA PAIX (44109_6108)
PAIX, ,RUE DE LA PAIX (44020_2460),RUE DE LA PAIX (44109_6112) + AV DE LA PAIX (44109_6108)
PASTEUR, ,RUE PASTEUR (44020_2580),BD PASTEUR (44109_6168)
PECHEURS, ,RUE DES PECHEURS (44020_2600),CRS DES PECHEURS (44109_6284)
PELLOUTI, ,RUE FERNAND PELLOUTIER (44020_1495),RUE FERNAND PELLOUTIER (44109_3122)
PELLOUTI, ,SQ FERNAND PELLOUTIER (44020_1497),RUE FERNAND PELLOUTIER (44109_3122)
PERRIERE, ,CHE DES PERRIERES (44020_2620),RUE DES PERRIERES (44109_6364)
PEUPLIER, ,AV DES PEUPLIERS (44020_2680),ALL DES PEUPLIERS (44109_6549)
PICASSO, ,RUE PABLO PICASSO (44020_2417),MAIL PABLO PICASSO (44109_6099)
PICASSO, ,CHE PABLO PICASSO (44020_2416),MAIL PABLO PICASSO (44109_6099)
PLANTES, ,AV DES PLANTES (44020_2755),RUE DES PLANTES (44109_6678)
POINTIER, ,RUE DE L ILE POINTIERE (44020_1828),RUE DE L ILE POINTIERE (44109_4274)
POIRIER, ,RUE MARIN POIRIER (44020_2090),RPT MARIN POIRIER (44109_5389) + CITE MARIN POIRIER (44109_A110)
PORNIC, ,RTE DE PORNIC (44020_2800),RUE DE PORNIC (44109_6788)
PREVERT, ,CHE JACQUES PREVERT (44020_1831),AV JACQUES PREVERT (44109_4322)
REPUBLIQ, ,PL DE LA REPUBLIQUE (44020_2940),PL DE LA REPUBLIQUE (44109_7276) + CRS DE LA REPUBLIQUE (44109_7272)
RESERVOI, ,CHE DES RESERVOIRS (44020_2950),CHE DES RESERVOIRS (44109_7292)
ROUGE, ,RUE DE LA CROIX ROUGE (44020_1360),RUE DE LA CROIX ROUGE (44109_2324)
RUISSEAU, ,CHE DU RUISSEAU (44020_3060),AV DU RUISSEAU (44109_7512)
SAULES, ,RUE DES SAULES (44020_3120),AV DES SAULES (44109_7834)
SCHOELCH, ,RPT VICTOR SCHOELCHER (44020_3342),PASS VICTOR SCHOELCHER (44109_8430) + RUE VICTOR SCHOELCHER (44109_8429)
SOUPIRS, ,ALL DES SOUPIRS (44020_3170),RUE DES SOUPIRS (44109_7948)
TATI, ,RUE JACQUES TATI (44020_1836),AV JACQUES TATI (44109_4323)
TERTRE, ,RUE DU TERTRE (44020_3185),BD DU TERTRE (44109_8064)
TILLEULS, ,AV DES TILLEULS (44020_3200),RUE DES TILLEULS (44109_8110)
TRIOLET, ,RUE ELSA TRIOLET (44020_1441),ALL ELSA TRIOLET (44109_2750)
TRISTAN, ,RUE FLORA TRISTAN (44020_1499),AV FLORA TRISTAN (44109_3167)
VALLES, ,RUE JULES VALLES (44020_1875),RUE JULES VALLES (44109_4656)
VARLIN, ,RUE EUGENE VARLIN (44020_1494),RUE EUGENE VARLIN (44109_2981)
VERNE, ,RUE JULES VERNE (44020_1880),BD JULES VERNE (44109_4664)
VERRIER, ,RUE URBAIN LE VERRIER (44020_3604),RUE URBAIN LE VERRIER (44109_8272)
VERT, ,ALL DU RAYON VERT (44020_2925),AV DU RAYON VERT (44109_7154)
VIAN, ,RUE BORIS VIAN (44020_0590),AV BORIS VIAN (44109_1051)
VICTOIRE, ,PL DE LA VICTOIRE (44020_3320),RUE DE LA VICTOIRE (44109_8414)
VIGNES, ,RUE DES VIGNES (44020_3380),RUE DES VIGNES (44109_8484) + CHE DES VIGNES (44109_8476)
VIGNES, ,CHE DES VIGNES (44020_3381),RUE DES VIGNES (44109_8484) + CHE DES VIGNES (44109_8476)
VIGO, ,IMP JEAN VIGO (44020_3418),AV JEAN VIGO (44109_4518)
VIVIER, ,RUE DU VIVIER (44020_3400),IMP DU VIVIER (44109_8560)
ZOLA, ,RUE EMILE ZOLA (44020_1452),PL EMILE ZOLA (44109_2808) + IMP EMILE ZOLA (44109_2804)
BRETONNI,0,LA BRETONNIERE (44020_B053),LA BRETONNIERE (44109_B029)
NOUE,0,LA GRANDE NOUE (44020_B169),LA GRANDE NOUE (44109_B202)
