mot_commun,ld,nom,homonymes
ABREUVOI, ,PL DE L ABREUVOIR (44114_0001),CHEM DE L ABREUVOIR (44217_0001)
BELLEVUE, ,PL BELLEVUE (44114_0201),BELLEVUE (44217_B061)
BELLEVUE, ,RUE DE BELLEVUE (44114_0210),IMP DE BELLEVUE (44217_0019)
BLERIOT, ,RUE LOUIS BLERIOT (44114_1013),IMP LOUIS BLERIOT (44217_0191)
BOIS, ,ALL DU PETIT BOIS (44114_1383),RUE DU PETIT BOIS (44217_0223)
BOIS, ,LOT DU PETIT BOIS (44114_A031),RUE DU PETIT BOIS (44217_0223)
BOIS, ,RUE DU PETIT BOIS (44114_1384),RUE DU PETIT BOIS (44217_0223)
BOULEAUX, ,RUE DES BOULEAUX (44114_0329),IMP DES BOULEAUX (44217_0026)
CARRIERE, ,RUE DE LA CARRIERE (44114_0420),IMP DE LA CARRIERE (44217_0064)
CEDRES, ,ALL DES CEDRES (44114_0429),ALL DES CEDRES (44217_0071)
CHATAIGN, ,AV DES CHATAIGNIERS (44114_0464),ALL DES CHATAIGNIERS (44217_0075) + IMP DES CHATAIGNIERS (44217_0076)
CHATEAU, ,RUE DU CHATEAU (44114_0470),RUE DU CHATEAU (44217_0083) + IMP DU CHATEAU (44217_0089)
CHENES, ,RUE DES CHENES (44114_0475),ALL DES CHENES (44217_0084)
DALI, ,ALL SALVADOR DALI (44114_1695),IMP SALVADOR DALI (44217_0094)
DELAGE, ,RUE LOUIS DELAGE (44114_1980),RUE LOUIS DELAGE (44217_0004)
DION, ,RUE ALBERT DE DION (44114_0614),RUE ALBERT DE DION (44217_0003)
DONS, ,RUE DE LA LEVEE DES DONS (44114_0979),RTE DE LA LEVEE DES DONS (44217_0174)
ECUREUIL, ,AV DES ECUREUILS (44114_0642),RUE DES ECUREUILS (44217_0093) + ALL DES ECUREUILS (44217_0092)
ECUREUIL, ,CHE DES ECUREUILS (44114_0644),RUE DES ECUREUILS (44217_0093) + ALL DES ECUREUILS (44217_0092)
EGLISE, ,PL DE L EGLISE (44114_0635),PL DE L EGLISE (44217_0328)
GARENNE, ,RUE DE LA GARENNE (44114_0710),RUE DE LA GARENNE (44217_0338)
GAUDINIE, ,RUIS DE LA GAUDINIERE (44114_X005),RUE DE LA GAUDINIERE (44217_0127)
GAULLE, ,AV CHARLES DE GAULLE (44114_0530),BD CHARLES DE GAULLE (44217_0013)
HAIE, ,CHE DE LA HAIE (44114_0832),RUE DE LA HAIE (44217_0161)
HAIE, ,RTE DE LA HAIE (44114_0831),RUE DE LA HAIE (44217_0161)
HORTENSI, ,RUE DES HORTENSIAS (44114_0890),IMP DES HORTENSIAS (44217_0356)
JARDINS, ,RUE DES JARDINS (44114_0928),IMP DES JARDINS (44217_0176)
LAVANDIE, ,RUE DES LAVANDIERES (44114_0965),CHE DES LAVANDIERES (44217_0171)
LAVOIR, ,CHEM DU LAVOIR (44114_0969),RUE DU LAVOIR (44217_0172)
LILAS, ,RUE DES LILAS (44114_0990),RUE DES LILAS (44217_0175)
MERMOZ, ,CHEM JEAN MERMOZ (44114_1139),RUE JEAN MERMOZ (44217_0177)
NEUVE, ,RUE DE LA MAISON NEUVE (44114_1069),RTE DE LA MAISON NEUVE (44217_0198)
NOISETIE, ,CHE DES NOISETIERS (44114_1237),ALL DES NOISETIERS (44217_0192)
PANHARD, ,RUE RENE PANHARD (44114_1563),RUE RENE PANHARD (44217_0262)
PAQUELAI, ,AV DE LA PAQUELAIS (44114_1290),CHE DE LA PAQUELAIS (44217_0220) + RTE DE LA PAQUELAIS (44217_0200)
PAQUELAI, ,CHE DE LA PAQUELAIS (44114_1292),CHE DE LA PAQUELAIS (44217_0220) + RTE DE LA PAQUELAIS (44217_0200)
PAQUELAI, ,RTE DE LA PAQUELAIS (44114_1283),RTE DE LA PAQUELAIS (44217_0200) + CHE DE LA PAQUELAIS (44217_0220)
PRESSOIR, ,RUE DU PRESSOIR (44114_1524),RUE DU PRESSOIR (44217_0248)
PRIMEVER, ,AV DES PRIMEVERES (44114_1526),RUE DES PRIMEVERES (44217_0243)
SOURCE, ,RUE DE LA SOURCE (44114_1720),IMP DE LA SOURCE (44217_0319)
SPORTS, ,RUE DES SPORTS (44114_1730),ALL DES SPORTS (44217_0320)
VALLEE, ,IMP DE LA VALLEE (44114_1800),IMP DE LA VALLEE (44217_0370)
VALLEE, ,RUE DE LA VALLEE (44114_1792),IMP DE LA VALLEE (44217_0370)
VERNE, ,RUE JULES VERNE (44114_0943),PL JULES VERNE (44217_0029)
AIR,0,BEL AIR (44114_B058),BEL AIR (44217_B058)
BARRE,0,LA BARRE (44114_B029),LA BARRE (44217_B017)
BOURG,0,LE BOURG (44114_B102),LE BOURG (44217_B186)
BROSSAIS,0,LE BROSSAIS (44114_B112),LE BROSSAIS (44217_B202)
CROISY,0,LE CROISY (44114_B308),LE CROISY (44217_B422)
GREE,0,LA GREE (44114_B462),LA GREE (44217_B624)
MILIEU,0,PIECE DU MILIEU (44114_B926),PIECE DU MILIEU (44217_B959)
MORTIER,0,LE MORTIER (44114_B573),LE MORTIER (44217_B763)
NEUF,0,LE MOULIN NEUF (44114_B578),LE MOULIN NEUF (44217_B777)
PERRIERE,0,LES PERRIERES (44114_B683),LES PERRIERES (44217_B868)
PRUCHE,0,LA PRUCHE (44114_C134),LA PRUCHE (44217_C186)
ROUSSELI,0,LA ROUSSELIERE (44114_C169),LA ROUSSELIERE (44217_C237)
