mot_commun,ld,nom,homonymes
AMPERE, ,RUE AMPERE (44035_0050),RUE AMPERE (44209_0123)
BEAUVOIR, ,RUE SIMONE DE BEAUVOIR (44035_4479),RUE SIMONE DE BEAUVOIR (44209_0383)
BOULEAUX, ,SQ DES BOULEAUX (44035_1005),IMP DES BOULEAUX (44209_0047)
CATHELIN, ,CHE DE LA CATHELINIERE (44035_1368),RTE DE LA CATHELINIERE (44209_0056)
CHARMES, ,RUE DES CHARMES (44035_1662),IMP DES CHARMES (44209_0570)
CHATAIGN, ,RUE DES CHATAIGNIERS (44035_1685),IMP DES CHATAIGNIERS (44209_0084)
CHENAIE, ,LOT LA CHENAIE (44035_A001),LA CHENAIE (44209_B044)
CHENES, ,RUE DES CHENES (44035_1850),RUE DES CHENES (44209_0090)
COLOMBIE, ,RUE DU COLOMBIER (44035_2129),IMP DU COLOMBIER (44209_0129)
COQUELIC, ,ALL DES COQUELICOTS (44035_2210),IMP DES COQUELICOTS (44209_0096)
DESCARTE, ,RUE DESCARTES (44035_2440),AV DESCARTES (44209_0106)
EGLISE, ,PL DE L EGLISE (44035_2530),PL DE L EGLISE (44209_0110)
ERABLES, ,RUE DES ERABLES (44035_3331),IMP DES ERABLES (44209_0251)
FAUVETTE, ,ALL DES FAUVETTES (44035_2625),RUE DES FAUVETTES (44209_0367)
FOUGERES, ,ALL DES FOUGERES (44035_2784),RUE DES FOUGERES (44209_0117)
FROMENT, ,RUE DU FROMENT (44035_2803),IMP DU FROMENT (44209_0122)
GAGNERIE, ,CHEM DE LA GAGNERIE (44035_2805),RUE DE LA GAGNERIE (44209_0121)
GARE, ,AV DE LA GARE (44035_2960),AV DE LA GARE (44209_0120)
GARE, ,LOT LA GARE (44035_A015),LA GARE (44209_B081)
GERGAUDI, ,RTE DE LA GERGAUDIERE (44035_3030),RTE DE LA GERGAUDIERE (44209_0125)
HIRONDEL, ,ALL DES HIRONDELLES (44035_3830),IMP DES HIRONDELLES (44209_0154)
HOMME, ,PL DES DROITS DE L'HOMME (44035_2510),ALL DES DROITS DE L'HOMME (44209_0236)
IRIS, ,RUE DES IRIS (44035_3905),RUE DES IRIS (44209_0156)
JONQUILL, ,ALL DES JONQUILLES (44035_3945),IMP DES JONQUILLES (44209_0256)
LANDES, ,ALL DES LANDES (44035_3959),RUE DES LANDES (44209_0161)
LYS, ,ALL DES LYS (44035_4036),IMP DES LYS (44209_0375)
MAIRIE, ,RUE DE LA MAIRIE (44035_4050),RUE DE LA MAIRIE (44209_0170)
MINOTIER, ,CHEM DU MINOTIER (44035_4208),IMP DU MINOTIER (44209_0377)
NANTES, ,RTE DE NANTES (44035_4240),RUE DE NANTES (44209_0184)
PINSONS, ,RUE DES PINSONS (44035_4309),IMP DES PINSONS (44209_0197)
PUITS, ,RUE DU PUITS (44035_4370),CHE DU PUITS (44209_0238)
RIVIERE, ,RUE DE LA RIVIERE (44035_4411),RUE DE LA RIVIERE (44209_0203)
ROITELET, ,RUE DES ROITELETS (44035_4428),RUE DES ROITELETS (44209_0374)
ROSEAUX, ,ALL DES ROSEAUX (44035_4435),IMP DES ROSEAUX (44209_0222)
SAND, ,IMP GEORGE SAND (44035_3023),RUE GEORGE SAND (44209_0126)
SAND, ,RUE GEORGE SAND (44035_3022),RUE GEORGE SAND (44209_0126)
SAULES, ,ALL DES SAULES (44035_4450),RUE DES SAULES (44209_0372)
SEQUOIAS, ,ALL DES SEQUOIAS (44035_4474),CHEM DES SEQUOIAS (44209_0597)
SUCE, ,RUE DE SUCE (44035_4505),RUE DE SUCE (44209_0206)
VERGER, ,AV DU VERGER (44035_4516),RTE DU VERGER (44209_0220)
VERRIERE, ,RTE DE LA NOUE VERRIERE (44035_4523),RTE DE LA NOUE VERRIERE (44209_0571)
AIR,0,BEL AIR (44035_B277),BEL AIR (44209_B008)
CLOUIS,0,LES CLOUIS (44035_B353),LES CLOUIS (44209_B051)
GERGAUDI,0,LA GERGAUDIERE (44035_B396),LA GERGAUDIERE (44209_B082)
GRAY,0,LE GRAY (44035_B411),LE GRAY (44209_B224)
RIVIERE,0,LA RIVIERE (44035_B213),LA RIVIERE (44209_B162)
ROCHETTE,0,LES ROCHETTES (44035_B214),LES ROCHETTES (44209_B164)
ROUAUDIE,0,LA ROUAUDIERE (44035_B219),LA ROUAUDIERE (44209_B167)
TERTRE,0,LE TERTRE (44035_B235),LE TERTRE (44209_B175)
