mot_commun,ld,nom,homonymes
AMITIE, ,RUE DE L AMITIE (44114_0018),AV DE L AMITIE (44162_0061)
ATLANTIQ, ,RUE DE L ATLANTIQUE (44114_0052),AV DE L ATLANTIQUE (44162_0078)
BELLEVUE, ,PL BELLEVUE (44114_0201),LOT BELLEVUE (44162_A020) + BELLEVUE (44162_B026)
BELLEVUE, ,RUE DE BELLEVUE (44114_0210),AV DE BELLEVUE (44162_0220)
BERNARD, ,RUE CLAUDE BERNARD (44114_0531),AV CLAUDE BERNARD (44162_0697)
BOUCHER, ,RUE HELENE BOUCHER (44114_0321),RUE HELENE BOUCHER (44162_0344)
BOURRELI, ,RUE DU BOURRELIER (44114_0333),IMP DU BOURRELIER (44162_0373)
BREL, ,SQ JACQUES BREL (44114_0927),RUE JACQUES BREL (44162_0272)
CHATEAU, ,RUE DU CHATEAU (44114_0470),ALL DU CHATEAU (44162_0581)
COUPERIN, ,RUE FRANCOIS COUPERIN (44114_0681),ALL FRANCOIS COUPERIN (44162_1041)
DAHLIAS, ,RUE DES DAHLIAS (44114_0620),AV DES DAHLIAS (44162_0850)
DEBUSSY, ,RUE CLAUDE DEBUSSY (44114_0538),ALL CLAUDE DEBUSSY (44162_0698)
ETANG, ,AV DE L ETANG (44114_0659),IMP DE L ETANG (44162_0989)
EUCLIDE, ,RUE EUCLIDE (44114_0663),IMP EUCLIDE (44162_0997) + RUE EUCLIDE (44162_1000)
GAULLE, ,AV CHARLES DE GAULLE (44114_0530),BD CHARLES DE GAULLE (44162_0549)
GENETS, ,RUE DES GENETS (44114_0730),AV DES GENETS (44162_1120) + IMP DES GENETS (44162_1119)
HERGE, ,RUE HERGE (44114_1992),ALL HERGE (44162_1285)
HORTENSI, ,RUE DES HORTENSIAS (44114_0890),ALL DES HORTENSIAS (44162_1298) + RUE DES HORTENSIAS (44162_1299)
IRIS, ,RUE DES IRIS (44114_0920),IMP DES IRIS (44162_1321)
JUPITER, ,ALL JUPITER (44114_0941),AV JUPITER (44162_1418)
LIBERTE, ,PL DE LA LIBERTE (44114_1010),AV DE LA LIBERTE (44162_1520)
MAI, ,RUE DU JOLI MAI (44114_0940),LOT DU JOLI MAI (44162_A087)
MARAIS, ,AV DES MARAIS (44114_1113),RUE DES MARAIS (44162_1584)
MARRONNI, ,RUE DES MARRONNIERS (44114_1126),ALL DES MARRONNIERS (44162_1603)
MAYENNE, ,ALL DE LA MAYENNE (44114_1127),RUE DE LA MAYENNE (44162_1657)
MERCURE, ,ALL MERCURE (44114_1212),RUE MERCURE (44162_1654)
MERISIER, ,IMP DES MERISIERS (44114_1141),RUE DES MERISIERS (44162_1663)
METAIRIE, ,RUE DE LA METAIRIE (44114_1140),RUE DE LA METAIRIE (44162_1651) + CR DE LA METAIRIE (44162_1664) + IMP DE LA METAIRIE (44162_1652)
MIMOSAS, ,RUE DES MIMOSAS (44114_1134),RUE DES MIMOSAS (44162_1668)
MORLIERE, ,AV DE LA MORLIERE (44114_1190),RUE DE LA MORLIERE (44162_1719) + IMP DE LA MORLIERE (44162_1718)
MORLIERE, ,PARC DE LA MORLIERE (44114_1318),RUE DE LA MORLIERE (44162_1719) + IMP DE LA MORLIERE (44162_1718)
MORLIERE, ,RUIS DE LA MORLIERE (44114_X001),RUE DE LA MORLIERE (44162_1719) + IMP DE LA MORLIERE (44162_1718)
MOULIN, ,AV JEAN MOULIN (44114_0938),PL JEAN MOULIN (44162_1352) + AV JEAN MOULIN (44162_1360)
MOZART, ,RUE MOZART (44114_1214),ALL MOZART (44162_1747)
MUSSET, ,RUE ALFRED DE MUSSET (44114_0014),AV ALFRED DE MUSSET (44162_0050)
NEPTUNE, ,RUE NEPTUNE (44114_1231),RUE NEPTUNE (44162_1832)
NEUILLY, ,RUE DE NEUILLY (44114_1250),AV DE NEUILLY (44162_1835)
NEUVE, ,RUE DE LA MAISON NEUVE (44114_1069),RUE DE LA MAISON NEUVE (44162_1569)
NICOLLE, ,RUE CHARLES NICOLLE (44114_1265),AV CHARLES NICOLLE (44162_0557)
NOBEL, ,RUE ALFRED NOBEL (44114_0013),RUE ALFRED NOBEL (44162_0051)
PAIX, ,RUE DE LA PAIX (44114_1300),PL DE LA PAIX (44162_1927)
PATUREAU, ,RUE DU PATUREAU (44114_1342),AV DU PATUREAU (44162_1971)
PENTECOT, ,RUE DE LA PENTECOTE (44114_1368),AV DE LA PENTECOTE (44162_2072)
PLANTES, ,IMP DES PLANTES (44114_1477),AV DES PLANTES (44162_2220)
PLUTON, ,ALL PLUTON (44114_1482),ALL PLUTON (44162_2233)
PRINTEMP, ,RUE DU PRINTEMPS (44114_1534),CHE DU PRINTEMPS (44162_2296)
ROSERAIE, ,LA ROSERAIE (44114_A030),LA ROSERAIE (44162_B306)
ROUSSELI, ,RTE DE LA ROUSSELIERE (44114_1614),RUE DE LA ROUSSELIERE (44162_2436)
ROUSSELI, ,RUIS DE LA ROUSSELIERE (44114_X009),RUE DE LA ROUSSELIERE (44162_2436)
SAND, ,RUE GEORGE SAND (44114_0748),PL GEORGE SAND (44162_1123)
SATURNE, ,RUE SATURNE (44114_1711),RUE SATURNE (44162_2465)
SOLEIL, ,IMP BEAU SOLEIL (44114_0173),BEAU SOLEIL (44162_B023)
SPORTS, ,RUE DES SPORTS (44114_1730),AV DES SPORTS (44162_2535) + IMP DES SPORTS (44162_2536)
SYONNIER, ,CHE DE LA SYONNIERE (44114_1745),RUE DE LA SYONNIERE (44162_2567)
TILLEULS, ,ALL DES TILLEULS (44114_1778),ALL DES TILLEULS (44162_2589)
TROENES, ,RUE DES TROENES (44114_1788),AV DES TROENES (44162_2598)
VALLEE, ,IMP DE LA VALLEE (44114_1800),VEN DE LA VALLEE (44162_2631)
VALLEE, ,RUE DE LA VALLEE (44114_1792),VEN DE LA VALLEE (44162_2631)
VANNES, ,RTE DE VANNES (44114_1805),RTE DE VANNES (44162_2640)
VENUS, ,RUE VENUS (44114_1811),ALL VENUS (44162_2651)
VERNE, ,RUE JULES VERNE (44114_0943),IMP JULES VERNE (44162_1416)
BOURG,0,LE BOURG (44114_B102),LE BOURG (44162_B050)
NEUF,0,LE MOULIN NEUF (44114_B578),LE MOULIN NEUF (44162_B223)
PAVILLON,0,LES PAVILLONS (44114_B676),LES PAVILLONS (44162_B254)
ROCHER,0,LE ROCHER (44114_C161),LE ROCHER (44162_B304)
ROUSSELI,0,LA ROUSSELIERE (44114_C169),LA ROUSSELIERE (44162_B309)
SOLEIL,0,BEAU SOLEIL (44114_B052),BEAU SOLEIL (44162_B023)
