mot_commun,ld,nom,homonymes
MAIRIE, ,PL DE LA MAIRIE (44145_0045),RUE DE LA MAIRIE (44164_0130)
MAIRIE, ,RUE DE LA MAIRIE (44145_0046),RUE DE LA MAIRIE (44164_0130)
PAZANNE, ,RTE DE SAINTE PAZANNE (44145_0063),RTE DE SAINTE PAZANNE (44164_0160)
AIR,0,BEL AIR (44145_B037),BEL AIR (44164_B044)
GARENNE,0,LA GARENNE (44145_B283),LA GARENNE (44164_B367)
HOMMEAU,0,L HOMMEAU (44145_B405),L HOMMEAU (44164_B539)
MASSE,0,LA MASSE (44145_B568),LA MASSE (44164_B596)
MULONNIE,0,LA MULONNIERE (44145_B603),LA MULONNIERE (44164_B622)
RIVIERES,0,LES GRANDES RIVIERES (44145_B368),LES GRANDES RIVIERES (44164_B469)
RIVIERES,0,LES PETITES RIVIERES (44145_B740),LES PETITES RIVIERES (44164_B777)
ROBINIER,0,LA ROBINIERE (44145_C101),LA ROBINIERE (44164_C049)
